kappa,Fx_dry_N,Fx_wet_N,Fx_snow_N
-1,-3658.08783205122,-2548.69933924779,-1142.03033762707
-0.999,-3658.39363326839,-2548.82176718461,-1142.07948045954
-0.998,-3658.69955602405,-2548.94443919988,-1142.12870661772
-0.997,-3659.00560062028,-2549.06735602096,-1142.17801629599
-0.996,-3659.31176736032,-2549.19051837806,-1142.22740968925
-0.995,-3659.61805654857,-2549.31392700432,-1142.27688699293
-0.994,-3659.92446849059,-2549.43758263576,-1142.32644840295
-0.993,-3660.23100349311,-2549.56148601134,-1142.37609411578
-0.992,-3660.53766186403,-2549.68563787295,-1142.42582432838
-0.991,-3660.84444391245,-2549.81003896542,-1142.47563923825
-0.99,-3661.15134994863,-2549.93469003658,-1142.52553904339
-0.989,-3661.45838028405,-2550.05959183719,-1142.57552394235
-0.988,-3661.76553523136,-2550.18474512105,-1142.62559413418
-0.987,-3662.07281510443,-2550.31015064495,-1142.67574981846
-0.986,-3662.38022021832,-2550.43580916869,-1142.72599119531
-0.985,-3662.68775088932,-2550.56172145514,-1142.77631846534
-0.984,-3662.99540743492,-2550.68788827022,-1142.82673182974
-0.983,-3663.30319017385,-2550.81431038289,-1142.87723149017
-0.982,-3663.61109942606,-2550.94098856523,-1142.92781764887
-0.981,-3663.91913551274,-2551.06792359241,-1142.97849050858
-0.98,-3664.22729875631,-2551.19511624271,-1143.02925027259
-0.979,-3664.53558948044,-2551.32256729755,-1143.08009714469
-0.978,-3664.84400801004,-2551.45027754149,-1143.13103132925
-0.977,-3665.15255467131,-2551.57824776227,-1143.18205303114
-0.976,-3665.46122979168,-2551.70647875079,-1143.23316245577
-0.975,-3665.77003369985,-2551.83497130115,-1143.2843598091
-0.974,-3666.07896672581,-2551.96372621068,-1143.33564529761
-0.973,-3666.38802920082,-2552.0927442799,-1143.38701912834
-0.972,-3666.69722145742,-2552.22202631262,-1143.43848150884
-0.971,-3667.00654382944,-2552.35157311588,-1143.49003264723
-0.97,-3667.31599665201,-2552.48138549999,-1143.54167275215
-0.969,-3667.62558026158,-2552.61146427859,-1143.59340203279
-0.968,-3667.93529499588,-2552.74181026859,-1143.64522069889
-0.967,-3668.24514119397,-2552.87242429025,-1143.69712896072
-0.966,-3668.55511919621,-2553.00330716717,-1143.7491270291
-0.965,-3668.86522934433,-2553.1344597263,-1143.8012151154
-0.964,-3669.17547198134,-2553.26588279799,-1143.85339343153
-0.963,-3669.48584745161,-2553.39757721597,-1143.90566218996
-0.962,-3669.79635610087,-2553.52954381737,-1143.95802160368
-0.961,-3670.10699827618,-2553.66178344277,-1144.01047188627
-0.96,-3670.41777432595,-2553.79429693619,-1144.06301325183
-0.959,-3670.72868459998,-2553.92708514511,-1144.11564591503
-0.958,-3671.0397294494,-2554.0601489205,-1144.16837009106
-0.957,-3671.35090922675,-2554.19348911683,-1144.2211859957
-0.956,-3671.66222428594,-2554.32710659208,-1144.27409384527
-0.955,-3671.97367498224,-2554.46100220777,-1144.32709385664
-0.954,-3672.28526167237,-2554.59517682898,-1144.38018624723
-0.953,-3672.59698471439,-2554.72963132434,-1144.43337123503
-0.952,-3672.9088444678,-2554.86436656611,-1144.48664903859
-0.951,-3673.22084129351,-2554.99938343012,-1144.540019877
-0.95,-3673.53297555384,-2555.13468279586,-1144.59348396992
-0.949,-3673.84524761254,-2555.27026554643,-1144.64704153757
-0.948,-3674.15765783478,-2555.40613256864,-1144.70069280071
-0.947,-3674.47020658719,-2555.54228475294,-1144.7544379807
-0.946,-3674.78289423782,-2555.67872299352,-1144.80827729943
-0.945,-3675.09572115621,-2555.81544818827,-1144.86221097936
-0.944,-3675.4086877133,-2555.95246123883,-1144.91623924351
-0.943,-3675.72179428155,-2556.08976305059,-1144.97036231548
-0.942,-3676.03504123487,-2556.22735453274,-1145.02458041941
-0.941,-3676.34842894863,-2556.36523659826,-1145.07889378003
-0.94,-3676.66195779971,-2556.50341016394,-1145.13330262262
-0.939,-3676.97562816647,-2556.64187615043,-1145.18780717302
-0.938,-3677.28944042878,-2556.78063548223,-1145.24240765766
-0.937,-3677.60339496799,-2556.91968908771,-1145.29710430351
-0.936,-3677.917492167,-2557.05903789916,-1145.35189733815
-0.935,-3678.23173241019,-2557.19868285278,-1145.40678698968
-0.934,-3678.54611608349,-2557.33862488871,-1145.46177348679
-0.933,-3678.86064357436,-2557.47886495105,-1145.51685705876
-0.932,-3679.1753152718,-2557.6194039879,-1145.57203793541
-0.931,-3679.49013156634,-2557.76024295133,-1145.62731634715
-0.93,-3679.80509285009,-2557.90138279748,-1145.68269252496
-0.929,-3680.1201995167,-2558.04282448649,-1145.73816670038
-0.928,-3680.43545196142,-2558.18456898259,-1145.79373910554
-0.927,-3680.75085058103,-2558.32661725411,-1145.84940997313
-0.926,-3681.06639577392,-2558.46897027346,-1145.90517953642
-0.925,-3681.38208794009,-2558.61162901721,-1145.96104802927
-0.924,-3681.69792748109,-2558.75459446606,-1146.01701568607
-0.923,-3682.01391480011,-2558.89786760491,-1146.07308274184
-0.922,-3682.33005030195,-2559.04144942283,-1146.12924943214
-0.921,-3682.64633439301,-2559.18534091313,-1146.18551599311
-0.92,-3682.96276748133,-2559.32954307336,-1146.24188266149
-0.919,-3683.2793499766,-2559.47405690533,-1146.29834967457
-0.918,-3683.59608229013,-2559.61888341514,-1146.35491727023
-0.917,-3683.91296483489,-2559.7640236132,-1146.41158568693
-0.916,-3684.2299980255,-2559.90947851424,-1146.46835516369
-0.915,-3684.54718227825,-2560.05524913737,-1146.52522594014
-0.914,-3684.86451801111,-2560.20133650607,-1146.58219825646
-0.913,-3685.18200564372,-2560.34774164822,-1146.63927235342
-0.912,-3685.49964559742,-2560.49446559613,-1146.69644847237
-0.911,-3685.81743829523,-2560.64150938655,-1146.75372685524
-0.91,-3686.1353841619,-2560.78887406071,-1146.81110774455
-0.909,-3686.45348362386,-2560.93656066436,-1146.86859138336
-0.908,-3686.77173710928,-2561.08457024774,-1146.92617801537
-0.907,-3687.09014504807,-2561.23290386565,-1146.98386788481
-0.906,-3687.40870787184,-2561.38156257746,-1147.04166123651
-0.905,-3687.72742601399,-2561.53054744714,-1147.09955831588
-0.904,-3688.04629990963,-2561.67985954328,-1147.15755936892
-0.903,-3688.36532999565,-2561.82949993911,-1147.21566464219
-0.902,-3688.68451671071,-2561.97946971253,-1147.27387438285
-0.901,-3689.00386049526,-2562.12976994614,-1147.33218883862
-0.9,-3689.3233617915,-2562.28040172726,-1147.39060825783
-0.899,-3689.64302104346,-2562.43136614797,-1147.44913288936
-0.898,-3689.96283869694,-2562.5826643051,-1147.50776298268
-0.897,-3690.28281519959,-2562.73429730029,-1147.56649878787
-0.896,-3690.60295100083,-2562.88626624,-1147.62534055554
-0.895,-3690.92324655195,-2563.03857223556,-1147.68428853691
-0.894,-3691.24370230606,-2563.19121640314,-1147.74334298379
-0.893,-3691.5643187181,-2563.34419986386,-1147.80250414855
-0.892,-3691.8850962449,-2563.49752374372,-1147.86177228414
-0.891,-3692.20603534512,-2563.65118917373,-1147.92114764411
-0.89,-3692.52713647929,-2563.80519728985,-1147.98063048256
-0.889,-3692.84840010984,-2563.95954923306,-1148.04022105419
-0.888,-3693.16982670108,-2564.11424614939,-1148.09991961428
-0.887,-3693.49141671921,-2564.26928918992,-1148.15972641868
-0.886,-3693.81317063235,-2564.42467951085,-1148.21964172382
-0.885,-3694.13508891052,-2564.58041827347,-1148.2796657867
-0.884,-3694.45717202567,-2564.73650664425,-1148.33979886492
-0.883,-3694.77942045169,-2564.89294579482,-1148.40004121664
-0.882,-3695.1018346644,-2565.04973690205,-1148.46039310059
-0.881,-3695.42441514158,-2565.206881148,-1148.52085477609
-0.88,-3695.74716236297,-2565.36437972004,-1148.58142650304
-0.879,-3696.07007681028,-2565.52223381081,-1148.64210854189
-0.878,-3696.3931589672,-2565.68044461829,-1148.7029011537
-0.877,-3696.7164093194,-2565.83901334579,-1148.76380460006
-0.876,-3697.03982835455,-2565.99794120204,-1148.82481914318
-0.875,-3697.36341656233,-2566.15722940116,-1148.8859450458
-0.874,-3697.68717443445,-2566.31687916271,-1148.94718257126
-0.873,-3698.01110246463,-2566.47689171174,-1149.00853198347
-0.872,-3698.33520114862,-2566.63726827879,-1149.06999354689
-0.871,-3698.65947098424,-2566.79801009996,-1149.13156752656
-0.87,-3698.98391247134,-2566.9591184169,-1149.19325418809
-0.869,-3699.30852611185,-2567.12059447685,-1149.25505379766
-0.868,-3699.63331240976,-2567.28243953269,-1149.31696662202
-0.867,-3699.95827187117,-2567.44465484296,-1149.37899292846
-0.866,-3700.28340500426,-2567.6072416719,-1149.44113298487
-0.865,-3700.6087123193,-2567.77020128946,-1149.50338705968
-0.864,-3700.93419432869,-2567.93353497136,-1149.56575542189
-0.863,-3701.25985154696,-2568.09724399909,-1149.62823834105
-0.862,-3701.58568449076,-2568.26132965999,-1149.69083608729
-0.861,-3701.91169367889,-2568.42579324723,-1149.75354893129
-0.86,-3702.23787963232,-2568.59063605988,-1149.81637714427
-0.859,-3702.56424287415,-2568.75585940293,-1149.87932099804
-0.858,-3702.89078392969,-2568.92146458733,-1149.94238076494
-0.857,-3703.21750332643,-2569.08745293,-1150.00555671786
-0.856,-3703.54440159402,-2569.2538257539,-1150.06884913027
-0.855,-3703.87147926437,-2569.42058438804,-1150.13225827616
-0.854,-3704.19873687158,-2569.58773016753,-1150.19578443008
-0.853,-3704.52617495196,-2569.75526443359,-1150.25942786713
-0.852,-3704.85379404409,-2569.92318853362,-1150.32318886296
-0.851,-3705.1815946888,-2570.09150382119,-1150.38706769374
-0.85,-3705.50957742914,-2570.26021165612,-1150.45106463623
-0.849,-3705.83774281047,-2570.42931340451,-1150.51517996767
-0.848,-3706.16609138042,-2570.59881043872,-1150.57941396589
-0.847,-3706.4946236889,-2570.7687041375,-1150.64376690923
-0.846,-3706.82334028815,-2570.93899588593,-1150.70823907656
-0.845,-3707.15224173269,-2571.10968707554,-1150.77283074731
-0.844,-3707.48132857938,-2571.28077910428,-1150.83754220141
-0.843,-3707.81060138744,-2571.45227337659,-1150.90237371935
-0.842,-3708.1400607184,-2571.62417130346,-1150.96732558211
-0.841,-3708.46970713616,-2571.79647430242,-1151.03239807123
-0.84,-3708.79954120701,-2571.96918379758,-1151.09759146875
-0.839,-3709.1295634996,-2572.14230121972,-1151.16290605723
-0.838,-3709.45977458497,-2572.31582800629,-1151.22834211977
-0.837,-3709.79017503659,-2572.48976560143,-1151.29389993995
-0.836,-3710.12076543031,-2572.66411545606,-1151.35957980188
-0.835,-3710.45154634445,-2572.83887902789,-1151.4253819902
-0.834,-3710.78251835972,-2573.01405778143,-1151.49130679002
-0.833,-3711.11368205932,-2573.18965318811,-1151.55735448698
-0.832,-3711.4450380289,-2573.36566672623,-1151.62352536721
-0.831,-3711.77658685658,-2573.54209988107,-1151.68981971735
-0.83,-3712.10832913297,-2573.71895414489,-1151.75623782453
-0.829,-3712.44026545117,-2573.89623101698,-1151.82277997636
-0.828,-3712.77239640681,-2574.0739320037,-1151.88944646097
-0.827,-3713.10472259802,-2574.25205861855,-1151.95623756695
-0.826,-3713.43724462547,-2574.43061238217,-1152.02315358339
-0.825,-3713.76996309239,-2574.6095948224,-1152.09019479985
-0.824,-3714.10287860456,-2574.78900747432,-1152.15736150637
-0.823,-3714.43599177033,-2574.9688518803,-1152.22465399348
-0.822,-3714.76930320063,-2575.14912959004,-1152.29207255215
-0.821,-3715.102813509,-2575.32984216061,-1152.35961747385
-0.82,-3715.43652331156,-2575.51099115649,-1152.42728905049
-0.819,-3715.77043322708,-2575.69257814962,-1152.49508757445
-0.818,-3716.10454387695,-2575.87460471943,-1152.56301333857
-0.817,-3716.43885588522,-2576.05707245293,-1152.63106663613
-0.816,-3716.77336987858,-2576.23998294468,-1152.69924776087
-0.815,-3717.1080864864,-2576.42333779691,-1152.76755700696
-0.814,-3717.44300634074,-2576.60713861951,-1152.83599466904
-0.813,-3717.77813007635,-2576.79138703012,-1152.90456104215
-0.812,-3718.11345833069,-2576.97608465413,-1152.97325642179
-0.811,-3718.44899174396,-2577.16123312476,-1153.04208110388
-0.81,-3718.78473095908,-2577.3468340831,-1153.11103538474
-0.809,-3719.12067662172,-2577.53288917814,-1153.18011956115
-0.808,-3719.45682938033,-2577.71940006687,-1153.24933393028
-0.807,-3719.79318988612,-2577.90636841423,-1153.31867878971
-0.806,-3720.12975879309,-2578.09379589327,-1153.38815443743
-0.805,-3720.46653675806,-2578.28168418511,-1153.45776117182
-0.804,-3720.80352444065,-2578.47003497904,-1153.52749929168
-0.803,-3721.14072250333,-2578.65884997256,-1153.59736909618
-0.802,-3721.4781316114,-2578.84813087141,-1153.66737088487
-0.801,-3721.81575243302,-2579.03787938963,-1153.73750495769
-0.8,-3722.15358563922,-2579.22809724962,-1153.80777161496
-0.799,-3722.49163190392,-2579.41878618218,-1153.87817115736
-0.798,-3722.82989190396,-2579.60994792656,-1153.94870388594
-0.797,-3723.16836631905,-2579.80158423054,-1154.01937010209
-0.796,-3723.50705583188,-2579.99369685042,-1154.09017010757
-0.795,-3723.84596112803,-2580.18628755113,-1154.16110420449
-0.794,-3724.18508289608,-2580.37935810625,-1154.23217269529
-0.793,-3724.52442182756,-2580.57291029809,-1154.30337588274
-0.792,-3724.86397861699,-2580.76694591772,-1154.37471406994
-0.791,-3725.20375396189,-2580.96146676502,-1154.44618756032
-0.79,-3725.5437485628,-2581.15647464875,-1154.51779665762
-0.789,-3725.88396312327,-2581.35197138661,-1154.5895416659
-0.788,-3726.22439834992,-2581.54795880527,-1154.66142288949
-0.787,-3726.56505495242,-2581.74443874044,-1154.73344063305
-0.786,-3726.90593364349,-2581.94141303692,-1154.80559520152
-0.785,-3727.24703513897,-2582.13888354868,-1154.8778869001
-0.784,-3727.5883601578,-2582.33685213888,-1154.95031603428
-0.783,-3727.92990942201,-2582.53532067993,-1155.02288290983
-0.782,-3728.2716836568,-2582.73429105359,-1155.09558783276
-0.781,-3728.61368359049,-2582.93376515098,-1155.16843110934
-0.78,-3728.95590995459,-2583.13374487264,-1155.24141304608
-0.779,-3729.29836348376,-2583.33423212864,-1155.31453394973
-0.778,-3729.64104491587,-2583.53522883858,-1155.38779412727
-0.777,-3729.98395499201,-2583.73673693166,-1155.46119388588
-0.776,-3730.32709445648,-2583.93875834679,-1155.534733533
-0.775,-3730.67046405683,-2584.14129503256,-1155.60841337622
-0.774,-3731.01406454386,-2584.3443489474,-1155.68223372335
-0.773,-3731.35789667165,-2584.54792205957,-1155.7561948824
-0.772,-3731.70196119756,-2584.75201634724,-1155.83029716154
-0.771,-3732.04625888227,-2584.95663379857,-1155.9045408691
-0.77,-3732.39079048976,-2585.16177641175,-1155.9789263136
-0.769,-3732.73555678737,-2585.36744619508,-1156.05345380367
-0.768,-3733.08055854578,-2585.57364516701,-1156.12812364813
-0.767,-3733.42579653903,-2585.78037535624,-1156.20293615589
-0.766,-3733.77127154456,-2585.98763880174,-1156.27789163599
-0.765,-3734.11698434322,-2586.19543755285,-1156.35299039761
-0.764,-3734.46293571925,-2586.40377366934,-1156.42823275
-0.763,-3734.80912646035,-2586.61264922146,-1156.50361900251
-0.762,-3735.15555735766,-2586.82206629001,-1156.57914946458
-0.761,-3735.5022292058,-2587.03202696643,-1156.65482444572
-0.76,-3735.84914280287,-2587.24253335282,-1156.73064425548
-0.759,-3736.19629895045,-2587.45358756207,-1156.80660920347
-0.758,-3736.54369845368,-2587.66519171787,-1156.88271959937
-0.757,-3736.8913421212,-2587.87734795481,-1156.95897575282
-0.756,-3737.23923076522,-2588.09005841844,-1157.03537797355
-0.755,-3737.58736520152,-2588.30332526537,-1157.11192657123
-0.754,-3737.93574624948,-2588.51715066326,-1157.18862185555
-0.753,-3738.28437473205,-2588.731536791,-1157.26546413619
-0.752,-3738.63325147584,-2588.94648583869,-1157.34245372278
-0.751,-3738.98237731108,-2589.16200000775,-1157.4195909249
-0.75,-3739.33175307165,-2589.37808151099,-1157.49687605209
-0.749,-3739.68137959514,-2589.59473257271,-1157.57430941381
-0.748,-3740.03125772279,-2589.81195542871,-1157.65189131943
-0.747,-3740.38138829958,-2590.02975232642,-1157.72962207824
-0.746,-3740.7317721742,-2590.24812552494,-1157.8075019994
-0.745,-3741.08241019912,-2590.46707729515,-1157.88553139196
-0.744,-3741.43330323053,-2590.68660991975,-1157.96371056483
-0.743,-3741.78445212844,-2590.90672569336,-1158.04203982675
-0.742,-3742.13585775663,-2591.12742692259,-1158.12051948631
-0.741,-3742.48752098273,-2591.34871592611,-1158.19914985193
-0.74,-3742.83944267819,-2591.57059503474,-1158.27793123181
-0.739,-3743.19162371833,-2591.79306659152,-1158.35686393394
-0.738,-3743.54406498232,-2592.01613295181,-1158.43594826611
-0.737,-3743.89676735325,-2592.23979648334,-1158.51518453583
-0.736,-3744.24973171811,-2592.46405956629,-1158.59457305039
-0.735,-3744.60295896783,-2592.68892459341,-1158.67411411677
-0.734,-3744.95644999728,-2592.91439397007,-1158.75380804169
-0.733,-3745.3102057053,-2593.14047011435,-1158.83365513155
-0.732,-3745.66422699473,-2593.3671554571,-1158.91365569241
-0.731,-3746.01851477241,-2593.5944524421,-1158.99381003003
-0.73,-3746.3730699492,-2593.82236352603,-1159.07411844977
-0.729,-3746.72789344002,-2594.05089117865,-1159.15458125663
-0.728,-3747.08298616384,-2594.28003788287,-1159.23519875523
-0.727,-3747.43834904373,-2594.50980613476,-1159.31597124976
-0.726,-3747.79398300685,-2594.74019844376,-1159.39689904399
-0.725,-3748.1498889845,-2594.97121733267,-1159.47798244123
-0.724,-3748.50606791212,-2595.20286533776,-1159.55922174433
-0.723,-3748.8625207293,-2595.4351450089,-1159.64061725566
-0.722,-3749.21924837983,-2595.66805890962,-1159.72216927706
-0.721,-3749.57625181169,-2595.90160961717,-1159.80387810986
-0.72,-3749.93353197709,-2596.13579972268,-1159.88574405485
-0.719,-3750.29108983249,-2596.37063183119,-1159.96776741223
-0.718,-3750.64892633861,-2596.60610856178,-1160.04994848163
-0.717,-3751.00704246045,-2596.84223254765,-1160.13228756206
-0.716,-3751.36543916731,-2597.07900643621,-1160.21478495191
-0.715,-3751.72411743284,-2597.31643288918,-1160.29744094889
-0.714,-3752.08307823499,-2597.55451458271,-1160.38025585007
-0.713,-3752.44232255613,-2597.79325420741,-1160.4632299518
-0.712,-3752.80185138298,-2598.03265446853,-1160.54636354971
-0.711,-3753.16166570668,-2598.27271808599,-1160.62965693869
-0.71,-3753.5217665228,-2598.51344779453,-1160.71311041287
-0.709,-3753.88215483135,-2598.75484634376,-1160.79672426557
-0.708,-3754.24283163683,-2598.99691649831,-1160.88049878932
-0.707,-3754.60379794821,-2599.2396610379,-1160.96443427578
-0.706,-3754.96505477898,-2599.48308275745,-1161.04853101576
-0.705,-3755.32660314717,-2599.72718446718,-1161.13278929918
-0.704,-3755.68844407537,-2599.97196899272,-1161.21720941504
-0.703,-3756.05057859073,-2600.2174391752,-1161.3017916514
-0.702,-3756.41300772501,-2600.46359787139,-1161.38653629534
-0.701,-3756.77573251459,-2600.71044795376,-1161.47144363296
-0.7,-3757.13875400048,-2600.95799231062,-1161.55651394932
-0.699,-3757.50207322836,-2601.20623384621,-1161.64174752844
-0.698,-3757.86569124862,-2601.45517548083,-1161.72714465326
-0.697,-3758.22960911631,-2601.70482015092,-1161.81270560559
-0.696,-3758.59382789124,-2601.9551708092,-1161.89843066612
-0.695,-3758.95834863798,-2602.20623042475,-1161.98432011438
-0.694,-3759.32317242583,-2602.45800198316,-1162.0703742287
-0.693,-3759.68830032894,-2602.71048848661,-1162.15659328615
-0.692,-3760.05373342623,-2602.963692954,-1162.24297756258
-0.691,-3760.41947280149,-2603.21761842107,-1162.32952733254
-0.69,-3760.78551954336,-2603.47226794049,-1162.41624286925
-0.689,-3761.15187474537,-2603.72764458202,-1162.50312444457
-0.688,-3761.51853950595,-2603.98375143258,-1162.590172329
-0.687,-3761.88551492847,-2604.24059159641,-1162.67738679159
-0.686,-3762.25280212124,-2604.49816819516,-1162.76476809995
-0.685,-3762.62040219756,-2604.75648436803,-1162.85231652019
-0.684,-3762.98831627571,-2605.01554327189,-1162.94003231692
-0.683,-3763.35654547902,-2605.27534808138,-1163.02791575317
-0.682,-3763.72509093583,-2605.53590198907,-1163.11596709039
-0.681,-3764.09395377957,-2605.79720820556,-1163.20418658838
-0.68,-3764.46313514874,-2606.0592699596,-1163.29257450529
-0.679,-3764.83263618698,-2606.32209049824,-1163.38113109756
-0.678,-3765.20245804305,-2606.58567308696,-1163.46985661988
-0.677,-3765.57260187087,-2606.85002100976,-1163.55875132517
-0.676,-3765.94306882955,-2607.11513756934,-1163.64781546451
-0.675,-3766.31386008339,-2607.38102608719,-1163.73704928715
-0.674,-3766.68497680194,-2607.64768990375,-1163.82645304041
-0.673,-3767.05642016,-2607.91513237854,-1163.91602696968
-0.672,-3767.42819133763,-2608.18335689026,-1164.00577131836
-0.671,-3767.80029152021,-2608.45236683698,-1164.09568632783
-0.67,-3768.17272189844,-2608.72216563625,-1164.18577223741
-0.669,-3768.54548366835,-2608.99275672522,-1164.27602928428
-0.668,-3768.91857803138,-2609.26414356081,-1164.3664577035
-0.667,-3769.29200619432,-2609.53632961984,-1164.45705772789
-0.666,-3769.66576936942,-2609.80931839916,-1164.54782958806
-0.665,-3770.03986877434,-2610.0831134158,-1164.63877351231
-0.664,-3770.41430563224,-2610.35771820713,-1164.7298897266
-0.663,-3770.78908117174,-2610.63313633098,-1164.82117845451
-0.662,-3771.164196627,-2610.90937136579,-1164.91263991717
-0.661,-3771.53965323771,-2611.18642691077,-1165.00427433324
-0.66,-3771.91545224912,-2611.46430658606,-1165.09608191885
-0.659,-3772.29159491207,-2611.74301403283,-1165.18806288754
-0.658,-3772.66808248302,-2612.02255291349,-1165.28021745022
-0.657,-3773.04491622405,-2612.3029269118,-1165.3725458151
-0.656,-3773.42209740293,-2612.58413973305,-1165.46504818766
-0.655,-3773.79962729309,-2612.86619510421,-1165.5577247706
-0.654,-3774.17750717367,-2613.14909677406,-1165.65057576375
-0.653,-3774.55573832956,-2613.4328485134,-1165.74360136405
-0.652,-3774.93432205139,-2613.71745411515,-1165.83680176549
-0.651,-3775.3132596356,-2614.00291739456,-1165.93017715903
-0.65,-3775.6925523844,-2614.28924218934,-1166.02372773258
-0.649,-3776.07220160586,-2614.57643235984,-1166.1174536709
-0.648,-3776.45220861391,-2614.8644917892,-1166.21135515557
-0.647,-3776.83257472833,-2615.15342438354,-1166.30543236491
-0.646,-3777.21330127484,-2615.44323407211,-1166.39968547396
-0.645,-3777.59438958506,-2615.73392480744,-1166.49411465436
-0.644,-3777.9758409966,-2616.02550056557,-1166.58872007433
-0.643,-3778.35765685301,-2616.31796534614,-1166.68350189858
-0.642,-3778.73983850388,-2616.61132317265,-1166.77846028826
-0.641,-3779.1223873048,-2616.90557809255,-1166.87359540092
-0.64,-3779.50530461743,-2617.2007341775,-1166.96890739037
-0.639,-3779.88859180949,-2617.49679552348,-1167.0643964067
-0.638,-3780.27225025483,-2617.793766251,-1167.16006259613
-0.637,-3780.65628133341,-2618.09165050529,-1167.25590610102
-0.636,-3781.04068643133,-2618.39045245644,-1167.35192705974
-0.635,-3781.42546694089,-2618.69017629965,-1167.44812560661
-0.634,-3781.81062426058,-2618.99082625535,-1167.54450187185
-0.633,-3782.19615979511,-2619.29240656944,-1167.64105598149
-0.632,-3782.58207495543,-2619.59492151343,-1167.73778805729
-0.631,-3782.9683711588,-2619.89837538469,-1167.83469821667
-0.63,-3783.35504982874,-2620.20277250659,-1167.93178657266
-0.629,-3783.74211239512,-2620.5081172287,-1168.02905323376
-0.628,-3784.12956029413,-2620.81441392702,-1168.12649830392
-0.627,-3784.51739496836,-2621.12166700414,-1168.22412188242
-0.626,-3784.90561786677,-2621.42988088949,-1168.32192406384
-0.625,-3785.29423044476,-2621.73906003945,-1168.41990493789
-0.624,-3785.68323416417,-2622.04920893767,-1168.51806458942
-0.623,-3786.07263049329,-2622.36033209516,-1168.61640309828
-0.622,-3786.46242090692,-2622.6724340506,-1168.71492053924
-0.621,-3786.85260688638,-2622.98551937045,-1168.81361698192
-0.62,-3787.24318991952,-2623.29959264925,-1168.91249249067
-0.619,-3787.63417150074,-2623.61465850977,-1169.01154712453
-0.618,-3788.02555313106,-2623.93072160324,-1169.11078093707
-0.617,-3788.41733631809,-2624.2477866096,-1169.21019397637
-0.616,-3788.80952257608,-2624.56585823764,-1169.30978628486
-0.615,-3789.20211342594,-2624.88494122531,-1169.40955789928
-0.614,-3789.59511039525,-2625.20504033987,-1169.50950885053
-0.613,-3789.9885150183,-2625.52616037817,-1169.60963916361
-0.612,-3790.38232883613,-2625.84830616683,-1169.70994885752
-0.611,-3790.7765533965,-2626.17148256248,-1169.81043794513
-0.61,-3791.17119025396,-2626.49569445202,-1169.91110643309
-0.609,-3791.56624096985,-2626.82094675281,-1170.01195432174
-0.608,-3791.96170711235,-2627.14724441291,-1170.11298160498
-0.607,-3792.35759025644,-2627.47459241134,-1170.21418827019
-0.606,-3792.75389198401,-2627.80299575832,-1170.31557429808
-0.605,-3793.15061388381,-2628.13245949547,-1170.41713966263
-0.604,-3793.5477575515,-2628.4629886961,-1170.51888433092
-0.603,-3793.94532458968,-2628.79458846539,-1170.62080826308
-0.602,-3794.34331660791,-2629.12726394074,-1170.72291141212
-0.601,-3794.74173522269,-2629.4610202919,-1170.82519372383
-0.6,-3795.14058205756,-2629.79586272133,-1170.92765513667
-0.599,-3795.53985874304,-2630.13179646435,-1171.03029558164
-0.598,-3795.93956691671,-2630.4688267895,-1171.13311498216
-0.597,-3796.3397082232,-2630.8069589987,-1171.23611325395
-0.596,-3796.74028431422,-2631.1461984276,-1171.33929030487
-0.595,-3797.14129684858,-2631.48655044577,-1171.44264603484
-0.594,-3797.5427474922,-2631.82802045701,-1171.5461803357
-0.593,-3797.94463791816,-2632.1706138996,-1171.64989309103
-0.592,-3798.34696980668,-2632.51433624656,-1171.75378417608
-0.591,-3798.74974484517,-2632.85919300597,-1171.85785345758
-0.59,-3799.15296472823,-2633.20518972118,-1171.96210079364
-0.589,-3799.55663115768,-2633.55233197114,-1172.06652603361
-0.588,-3799.96074584258,-2633.90062537064,-1172.17112901788
-0.587,-3800.36531049923,-2634.25007557063,-1172.27590957781
-0.586,-3800.77032685122,-2634.60068825849,-1172.38086753555
-0.585,-3801.17579662941,-2634.95246915831,-1172.48600270388
-0.584,-3801.58172157198,-2635.30542403119,-1172.59131488606
-0.583,-3801.98810342442,-2635.65955867552,-1172.69680387571
-0.582,-3802.39494393958,-2636.0148789273,-1172.80246945661
-0.581,-3802.80224487765,-2636.37139066044,-1172.90831140258
-0.58,-3803.21000800621,-2636.72909978703,-1173.01432947729
-0.579,-3803.61823510019,-2637.08801225766,-1173.1205234341
-0.578,-3804.02692794197,-2637.44813406175,-1173.22689301593
-0.577,-3804.43608832132,-2637.80947122783,-1173.33343795503
-0.576,-3804.84571803545,-2638.17202982387,-1173.44015797288
-0.575,-3805.25581888901,-2638.53581595758,-1173.54705277995
-0.574,-3805.66639269413,-2638.90083577676,-1173.65412207558
-0.573,-3806.07744127039,-2639.26709546959,-1173.76136554776
-0.572,-3806.48896644487,-2639.63460126498,-1173.86878287298
-0.571,-3806.90097005213,-2640.00335943287,-1173.97637371603
-0.57,-3807.31345393427,-2640.37337628459,-1174.08413772981
-0.569,-3807.72641994089,-2640.74465817319,-1174.19207455515
-0.568,-3808.13986992912,-2641.11721149375,-1174.30018382063
-0.567,-3808.55380576363,-2641.49104268376,-1174.40846514234
-0.566,-3808.96822931667,-2641.86615822345,-1174.51691812376
-0.565,-3809.38314246801,-2642.24256463611,-1174.62554235546
-0.564,-3809.79854710501,-2642.6202684885,-1174.734337415
-0.563,-3810.21444512262,-2642.99927639113,-1174.84330286662
-0.562,-3810.63083842334,-2643.37959499868,-1174.95243826112
-0.561,-3811.04772891728,-2643.76123101034,-1175.0617431356
-0.56,-3811.46511852216,-2644.14419117015,-1175.17121701325
-0.559,-3811.88300916327,-2644.52848226743,-1175.28085940313
-0.558,-3812.30140277353,-2644.91411113706,-1175.39066979995
-0.557,-3812.72030129347,-2645.30108465995,-1175.50064768385
-0.556,-3813.13970667122,-2645.68940976334,-1175.61079252016
-0.555,-3813.55962086253,-2646.07909342125,-1175.72110375917
-0.554,-3813.98004583079,-2646.47014265481,-1175.8315808359
-0.553,-3814.40098354698,-2646.86256453268,-1175.94222316984
-0.552,-3814.8224359897,-2647.25636617143,-1176.05303016474
-0.551,-3815.2444051452,-2647.65155473596,-1176.16400120833
-0.55,-3815.66689300731,-2648.04813743986,-1176.27513567208
-0.549,-3816.08990157749,-2648.44612154587,-1176.38643291095
-0.548,-3816.51343286482,-2648.84551436622,-1176.49789226313
-0.547,-3816.93748888598,-2649.24632326312,-1176.60951304977
-0.546,-3817.36207166524,-2649.6485556491,-1176.72129457472
-0.545,-3817.78718323449,-2650.0522189875,-1176.83323612425
-0.544,-3818.21282563319,-2650.45732079284,-1176.94533696679
-0.543,-3818.63900090839,-2650.8638686313,-1177.05759635263
-0.542,-3819.0657111147,-2651.27187012109,-1177.17001351366
-0.541,-3819.49295831433,-2651.68133293296,-1177.28258766307
-0.54,-3819.92074457698,-2652.09226479057,-1177.39531799504
-0.539,-3820.34907197995,-2652.50467347101,-1177.50820368449
-0.538,-3820.77794260802,-2652.91856680517,-1177.62124388672
-0.537,-3821.20735855351,-2653.33395267828,-1177.73443773715
-0.536,-3821.63732191622,-2653.75083903029,-1177.847784351
-0.535,-3822.06783480343,-2654.16923385639,-1177.96128282296
-0.534,-3822.49889932988,-2654.58914520745,-1178.07493222687
-0.533,-3822.93051761776,-2655.01058119051,-1178.18873161542
-0.532,-3823.36269179667,-2655.43354996925,-1178.3026800198
-0.531,-3823.7954240036,-2655.85805976446,-1178.41677644935
-0.53,-3824.22871638294,-2656.28411885456,-1178.53101989125
-0.529,-3824.66257108639,-2656.71173557605,-1178.64540931018
-0.528,-3825.09699027302,-2657.14091832404,-1178.75994364792
-0.527,-3825.53197610914,-2657.57167555274,-1178.87462182305
-0.526,-3825.96753076838,-2658.00401577598,-1178.98944273056
-0.525,-3826.40365643156,-2658.43794756768,-1179.10440524146
-0.524,-3826.84035528672,-2658.87347956242,-1179.21950820248
-0.523,-3827.27762952908,-2659.31062045594,-1179.33475043561
-0.522,-3827.71548136096,-2659.74937900565,-1179.45013073776
-0.521,-3828.1539129918,-2660.1897640312,-1179.56564788038
-0.52,-3828.59292663808,-2660.63178441499,-1179.68130060901
-0.519,-3829.0325245233,-2661.07544910271,-1179.79708764295
-0.518,-3829.47270887793,-2661.5207671039,-1179.91300767477
-0.517,-3829.91348193935,-2661.96774749254,-1180.02905936999
-0.516,-3830.35484595184,-2662.41639940752,-1180.14524136655
-0.515,-3830.7968031665,-2662.8667320533,-1180.26155227449
-0.514,-3831.2393558412,-2663.31875470043,-1180.37799067543
-0.513,-3831.68250624054,-2663.77247668613,-1180.49455512218
-0.512,-3832.12625663579,-2664.22790741489,-1180.61124413827
-0.511,-3832.57060930484,-2664.68505635906,-1180.72805621749
-0.51,-3833.01556653212,-2665.14393305941,-1180.84498982346
-0.509,-3833.46113060857,-2665.60454712578,-1180.96204338911
-0.508,-3833.90730383153,-2666.06690823765,-1181.07921531625
-0.507,-3834.35408850471,-2666.53102614477,-1181.19650397506
-0.506,-3834.80148693814,-2666.99691066777,-1181.3139077036
-0.505,-3835.24950144802,-2667.46457169879,-1181.43142480732
-0.504,-3835.69813435673,-2667.93401920213,-1181.54905355856
-0.503,-3836.14738799271,-2668.40526321485,-1181.66679219599
-0.502,-3836.59726469038,-2668.87831384744,-1181.78463892416
-0.501,-3837.04776679009,-2669.35318128449,-1181.9025919129
-0.5,-3837.49889663798,-2669.82987578529,-1182.02064929682
-0.499,-3837.95065658596,-2670.30840768455,-1182.13880917474
-0.498,-3838.40304899154,-2670.78878739305,-1182.25706960915
-0.497,-3838.85607621782,-2671.27102539833,-1182.37542862564
-0.496,-3839.30974063332,-2671.75513226535,-1182.49388421232
-0.495,-3839.76404461194,-2672.2411186372,-1182.61243431923
-0.494,-3840.2189905328,-2672.72899523581,-1182.73107685777
-0.493,-3840.67458078019,-2673.21877286265,-1182.84980970008
-0.492,-3841.1308177434,-2673.71046239942,-1182.96863067843
-0.491,-3841.58770381666,-2674.20407480879,-1183.08753758461
-0.49,-3842.04524139899,-2674.69962113516,-1183.20652816929
-0.489,-3842.50343289409,-2675.19711250534,-1183.32560014135
-0.488,-3842.96228071022,-2675.69656012932,-1183.4447511673
-0.487,-3843.42178726006,-2676.19797530105,-1183.56397887056
-0.486,-3843.88195496059,-2676.70136939913,-1183.6832808308
-0.485,-3844.34278623293,-2677.20675388766,-1183.80265458326
-0.484,-3844.80428350224,-2677.71414031696,-1183.92209761808
-0.483,-3845.26644919753,-2678.22354032436,-1184.04160737955
-0.482,-3845.72928575154,-2678.734965635,-1184.16118126542
-0.481,-3846.19279560059,-2679.24842806266,-1184.2808166262
-0.48,-3846.65698118439,-2679.76393951049,-1184.40051076436
-0.479,-3847.12184494593,-2680.28151197192,-1184.52026093363
-0.478,-3847.58738933124,-2680.80115753141,-1184.64006433821
-0.477,-3848.0536167893,-2681.32288836534,-1184.75991813202
-0.476,-3848.52052977179,-2681.8467167428,-1184.87981941789
-0.475,-3848.98813073296,-2682.37265502649,-1184.99976524677
-0.474,-3849.45642212941,-2682.90071567354,-1185.11975261691
-0.473,-3849.92540641992,-2683.4309112364,-1185.23977847305
-0.472,-3850.39508606524,-2683.96325436374,-1185.35983970557
-0.471,-3850.86546352789,-2684.49775780128,-1185.47993314966
-0.47,-3851.33654127195,-2685.03443439273,-1185.6000555844
-0.469,-3851.80832176284,-2685.57329708071,-1185.72020373195
-0.468,-3852.28080746711,-2686.1143589076,-1185.8403742566
-0.467,-3852.75400085219,-2686.65763301654,-1185.96056376389
-0.466,-3853.22790438621,-2687.20313265232,-1186.08076879969
-0.465,-3853.70252053769,-2687.75087116234,-1186.20098584924
-0.464,-3854.17785177535,-2688.30086199756,-1186.32121133623
-0.463,-3854.65390056782,-2688.85311871347,-1186.44144162179
-0.462,-3855.1306693834,-2689.40765497105,-1186.56167300356
-0.461,-3855.6081606898,-2689.9644845378,-1186.68190171463
-0.46,-3856.08637695385,-2690.52362128868,-1186.80212392257
-0.459,-3856.56532064122,-2691.08507920713,-1186.92233572837
-0.458,-3857.04499421615,-2691.64887238612,-1187.04253316543
-0.457,-3857.52540014112,-2692.21501502915,-1187.16271219843
-0.456,-3858.00654087659,-2692.78352145128,-1187.28286872231
-0.455,-3858.48841888064,-2693.35440608022,-1187.40299856114
-0.454,-3858.9710366087,-2693.92768345734,-1187.523097467
-0.453,-3859.45439651319,-2694.50336823879,-1187.64316111883
-0.452,-3859.93850104318,-2695.08147519653,-1187.76318512132
-0.451,-3860.42335264405,-2695.66201921948,-1187.88316500369
-0.45,-3860.90895375715,-2696.24501531459,-1188.00309621851
-0.449,-3861.39530681943,-2696.83047860798,-1188.1229741405
-0.448,-3861.88241426305,-2697.41842434607,-1188.24279406528
-0.447,-3862.370278515,-2698.00886789667,-1188.36255120814
-0.446,-3862.85890199673,-2698.60182475023,-1188.48224070272
-0.445,-3863.34828712373,-2699.19731052093,-1188.60185759977
-0.444,-3863.83843630512,-2699.79534094787,-1188.72139686581
-0.443,-3864.3293519432,-2700.3959318963,-1188.84085338176
-0.442,-3864.82103643308,-2700.99909935879,-1188.96022194166
-0.441,-3865.31349216216,-2701.60485945646,-1189.07949725121
-0.44,-3865.80672150973,-2702.2132284402,-1189.19867392641
-0.439,-3866.30072684645,-2702.82422269192,-1189.31774649212
-0.438,-3866.79551053392,-2703.43785872582,-1189.43670938058
-0.437,-3867.29107492415,-2704.05415318963,-1189.55555693001
-0.436,-3867.78742235908,-2704.67312286593,-1189.67428338303
-0.435,-3868.28455517005,-2705.29478467342,-1189.79288288517
-0.434,-3868.78247567725,-2705.91915566823,-1189.91134948334
-0.433,-3869.2811861892,-2706.54625304527,-1190.02967712423
-0.432,-3869.78068900221,-2707.17609413953,-1190.14785965268
-0.431,-3870.28098639975,-2707.8086964275,-1190.26589081014
-0.43,-3870.78208065192,-2708.44407752844,-1190.38376423291
-0.429,-3871.28397401482,-2709.08225520587,-1190.50147345055
-0.428,-3871.78666872994,-2709.72324736888,-1190.61901188409
-0.427,-3872.29016702351,-2710.36707207359,-1190.73637284436
-0.426,-3872.79447110589,-2711.01374752456,-1190.85354953018
-0.425,-3873.29958317089,-2711.66329207626,-1190.97053502657
-0.424,-3873.80550539508,-2712.31572423447,-1191.08732230294
-0.423,-3874.3122399371,-2712.97106265781,-1191.2039042112
-0.422,-3874.81978893693,-2713.62932615921,-1191.3202734839
-0.421,-3875.3281545152,-2714.2905337074,-1191.43642273231
-0.42,-3875.8373387724,-2714.95470442846,-1191.55234444445
-0.419,-3876.34734378813,-2715.62185760734,-1191.6680309831
-0.418,-3876.8581716203,-2716.29201268939,-1191.78347458383
-0.417,-3877.36982430434,-2716.96518928199,-1191.89866735287
-0.416,-3877.88230385236,-2717.64140715609,-1192.01360126508
-0.415,-3878.3956122523,-2718.32068624782,-1192.12826816183
-0.414,-3878.90975146708,-2719.00304666013,-1192.24265974881
-0.413,-3879.42472343369,-2719.6885086644,-1192.35676759385
-0.412,-3879.94053006229,-2720.37709270212,-1192.4705831247
-0.411,-3880.45717323527,-2721.06881938655,-1192.58409762674
-0.41,-3880.97465480629,-2721.76370950444,-1192.69730224069
-0.409,-3881.49297659932,-2722.46178401767,-1192.81018796027
-0.408,-3882.01214040761,-2723.16306406505,-1192.92274562978
-0.407,-3882.53214799267,-2723.86757096403,-1193.03496594173
-0.406,-3883.05300108323,-2724.57532621247,-1193.14683943431
-0.405,-3883.57470137411,-2725.28635149041,-1193.25835648894
-0.404,-3884.0972505252,-2726.0006686619,-1193.36950732768
-0.403,-3884.62065016024,-2726.71829977678,-1193.48028201063
-0.402,-3885.14490186569,-2727.43926707257,-1193.59067043333
-0.401,-3885.67000718957,-2728.16359297626,-1193.70066232405
-0.4,-3886.19596764018,-2728.89130010626,-1193.81024724107
-0.399,-3886.72278468491,-2729.62241127425,-1193.91941456989
-0.398,-3887.25045974891,-2730.35694948711,-1194.02815352041
-0.397,-3887.77899421382,-2731.09493794887,-1194.1364531241
-0.396,-3888.3083894164,-2731.83640006264,-1194.244302231
-0.395,-3888.83864664714,-2732.58135943261,-1194.35168950683
-0.394,-3889.3697671489,-2733.32983986605,-1194.45860342994
-0.393,-3889.90175211541,-2734.08186537531,-1194.56503228819
-0.392,-3890.43460268984,-2734.83746017989,-1194.67096417593
-0.391,-3890.96831996323,-2735.59664870845,-1194.7763869907
-0.39,-3891.50290497297,-2736.35945560096,-1194.8812884301
-0.389,-3892.03835870121,-2737.12590571075,-1194.98565598844
-0.388,-3892.57468207322,-2737.89602410665,-1195.08947695342
-0.387,-3893.11187595569,-2738.66983607517,-1195.19273840272
-0.386,-3893.64994115508,-2739.4473671226,-1195.29542720054
-0.385,-3894.18887841582,-2740.22864297728,-1195.39752999408
-0.384,-3894.72868841852,-2741.01368959175,-1195.49903320997
-0.383,-3895.26937177812,-2741.80253314502,-1195.5999230506
-0.382,-3895.81092904205,-2742.59520004482,-1195.70018549045
-0.381,-3896.35336068821,-2743.39171692989,-1195.79980627229
-0.38,-3896.8966671231,-2744.19211067226,-1195.89877090336
-0.379,-3897.44084867969,-2744.9964083796,-1195.99706465147
-0.378,-3897.9859056154,-2745.80463739757,-1196.09467254104
-0.377,-3898.53183810994,-2746.61682531218,-1196.19157934903
-0.376,-3899.07864626315,-2747.43299995219,-1196.28776960088
-0.375,-3899.62633009275,-2748.25318939155,-1196.3832275663
-0.374,-3900.17488953204,-2749.07742195182,-1196.47793725502
-0.373,-3900.72432442758,-2749.90572620465,-1196.57188241249
-0.372,-3901.27463453673,-2750.73813097428,-1196.66504651545
-0.371,-3901.82581952526,-2751.57466534005,-1196.75741276749
-0.37,-3902.37787896474,-2752.41535863892,-1196.84896409446
-0.369,-3902.93081233004,-2753.26024046809,-1196.93968313986
-0.368,-3903.48461899658,-2754.10934068752,-1197.02955226014
-0.367,-3904.03929823769,-2754.96268942262,-1197.11855351988
-0.366,-3904.59484922177,-2755.82031706683,-1197.20666868689
-0.365,-3905.15127100948,-2756.6822542843,-1197.29387922733
-0.364,-3905.70856255077,-2757.54853201261,-1197.38016630057
-0.363,-3906.26672268192,-2758.41918146543,-1197.46551075411
-0.362,-3906.82575012241,-2759.29423413532,-1197.5498931183
-0.361,-3907.38564347186,-2760.17372179644,-1197.6332936011
-0.36,-3907.9464012067,-2761.05767650738,-1197.71569208258
-0.359,-3908.50802167694,-2761.94613061395,-1197.79706810948
-0.358,-3909.07050310272,-2762.83911675202,-1197.87740088957
-0.357,-3909.63384357088,-2763.73666785043,-1197.95666928598
-0.356,-3910.19804103137,-2764.6388171338,-1198.03485181135
-0.355,-3910.76309329361,-2765.54559812552,-1198.11192662198
-0.354,-3911.32899802273,-2766.45704465067,-1198.18787151181
-0.353,-3911.89575273576,-2767.37319083895,-1198.26266390628
-0.352,-3912.46335479767,-2768.29407112772,-1198.33628085616
-0.351,-3913.03180141735,-2769.219720265,-1198.40869903117
-0.35,-3913.60108964348,-2770.1501733125,-1198.47989471359
-0.349,-3914.17121636027,-2771.0854656487,-1198.54984379168
-0.348,-3914.74217828316,-2772.02563297195,-1198.61852175303
-0.347,-3915.31397195431,-2772.97071130357,-1198.68590367776
-0.346,-3915.88659373809,-2773.92073699099,-1198.75196423162
-0.345,-3916.46003981635,-2774.87574671092,-1198.81667765899
-0.344,-3917.03430618366,-2775.83577747257,-1198.88001777569
-0.343,-3917.60938864237,-2776.8008666208,-1198.94195796174
-0.342,-3918.18528279754,-2777.77105183944,-1199.00247115397
-0.341,-3918.76198405183,-2778.74637115447,-1199.06152983843
-0.34,-3919.33948760014,-2779.72686293738,-1199.11910604279
-0.339,-3919.91778842417,-2780.7125659084,-1199.17517132849
-0.338,-3920.49688128689,-2781.70351913992,-1199.22969678286
-0.337,-3921.07676072678,-2782.69976205978,-1199.28265301097
-0.336,-3921.65742105194,-2783.70133445465,-1199.33401012747
-0.335,-3922.23885633415,-2784.70827647348,-1199.38373774821
-0.334,-3922.82106040264,-2785.72062863086,-1199.43180498172
-0.333,-3923.40402683776,-2786.73843181049,-1199.47818042053
-0.332,-3923.98774896453,-2787.76172726863,-1199.52283213242
-0.331,-3924.57221984594,-2788.79055663761,-1199.56572765138
-0.33,-3925.15743227615,-2789.82496192927,-1199.60683396851
-0.329,-3925.74337877349,-2790.86498553856,-1199.64611752274
-0.328,-3926.33005157324,-2791.910670247,-1199.68354419136
-0.327,-3926.91744262029,-2792.96205922629,-1199.7190792804
-0.326,-3927.50554356158,-2794.01919604185,-1199.75268751488
-0.325,-3928.09434573832,-2795.08212465641,-1199.78433302877
-0.324,-3928.68384017807,-2796.15088943365,-1199.81397935494
-0.323,-3929.27401758653,-2797.22553514176,-1199.84158941475
-0.322,-3929.86486833921,-2798.30610695712,-1199.86712550765
-0.321,-3930.4563824728,-2799.3926504679,-1199.89054930042
-0.32,-3931.04854967637,-2800.48521167774,-1199.91182181632
-0.319,-3931.64135928232,-2801.58383700943,-1199.93090342403
-0.318,-3932.23480025709,-2802.68857330854,-1199.94775382641
-0.317,-3932.82886119164,-2803.79946784714,-1199.96233204899
-0.316,-3933.42353029166,-2804.91656832748,-1199.97459642837
-0.315,-3934.01879536755,-2806.03992288565,-1199.9845046003
-0.314,-3934.61464382412,-2807.16958009532,-1199.99201348765
-0.313,-3935.21106265,-2808.30558897145,-1199.99707928808
-0.312,-3935.80803840681,-2809.44799897392,-1199.9996574616
-0.311,-3936.40555721804,-2810.59686001131,-1199.99970271776
-0.31,-3937.00360475757,-2811.75222244456,-1199.99716900279
-0.309,-3937.60216623801,-2812.91413709064,-1199.99200948637
-0.308,-3938.20122639856,-2814.08265522629,-1199.98417654822
-0.307,-3938.80076949275,-2815.25782859167,-1199.97362176452
-0.306,-3939.40077927567,-2816.439709394,-1199.96029589395
-0.305,-3940.00123899097,-2817.62835031127,-1199.94414886361
-0.304,-3940.60213135746,-2818.82380449585,-1199.92512975467
-0.303,-3941.20343855541,-2820.0261255781,-1199.90318678767
-0.302,-3941.8051422124,-2821.23536766999,-1199.87826730772
-0.301,-3942.40722338883,-2822.45158536869,-1199.85031776932
-0.3,-3943.00966256311,-2823.67483376009,-1199.81928372094
-0.299,-3943.6124396163,-2824.90516842235,-1199.7851097894
-0.298,-3944.21553381646,-2826.14264542937,-1199.74773966386
-0.297,-3944.81892380257,-2827.38732135428,-1199.70711607966
-0.296,-3945.42258756789,-2828.63925327283,-1199.66318080173
-0.295,-3946.02650244307,-2829.89849876677,-1199.61587460788
-0.294,-3946.6306450786,-2831.16511592719,-1199.56513727165
-0.293,-3947.23499142693,-2832.43916335779,-1199.51090754496
-0.292,-3947.83951672401,-2833.72070017811,-1199.45312314041
-0.291,-3948.44419547038,-2835.00978602668,-1199.3917207133
-0.29,-3949.04900141172,-2836.30648106418,-1199.3266358433
-0.289,-3949.65390751887,-2837.61084597638,-1199.25780301585
-0.288,-3950.2588859673,-2838.92294197721,-1199.18515560325
-0.287,-3950.863908116,-2840.24283081155,-1199.10862584531
-0.286,-3951.46894448584,-2841.57057475809,-1199.02814482983
-0.285,-3952.07396473726,-2842.90623663203,-1198.94364247264
-0.284,-3952.67893764738,-2844.24987978768,-1198.8550474973
-0.283,-3953.28383108652,-2845.60156812099,-1198.76228741449
-0.282,-3953.88861199397,-2846.96136607194,-1198.66528850105
-0.281,-3954.49324635315,-2848.32933862687,-1198.56397577863
-0.28,-3955.09769916607,-2849.70555132061,-1198.45827299196
-0.279,-3955.7019344271,-2851.09007023852,-1198.34810258684
-0.278,-3956.30591509591,-2852.48296201842,-1198.23338568766
-0.277,-3956.90960306977,-2853.88429385234,-1198.11404207459
-0.276,-3957.51295915504,-2855.29413348812,-1197.98999016035
-0.275,-3958.11594303775,-2856.71254923083,-1197.86114696663
-0.274,-3958.71851325355,-2858.13960994407,-1197.72742810012
-0.273,-3959.32062715659,-2859.57538505104,-1197.58874772804
-0.272,-3959.92224088772,-2861.01994453545,-1197.44501855341
-0.271,-3960.52330934164,-2862.47335894219,-1197.29615178975
-0.27,-3961.12378613319,-2863.9356993778,-1197.14205713552
-0.269,-3961.72362356265,-2865.40703751079,-1196.98264274799
-0.268,-3962.32277258009,-2866.88744557155,-1196.81781521675
-0.267,-3962.92118274864,-2868.37699635219,-1196.6474795368
-0.266,-3963.51880220677,-2869.87576320605,-1196.47153908115
-0.265,-3964.11557762941,-2871.38382004685,-1196.28989557298
-0.264,-3964.71145418807,-2872.9012413477,-1196.10244905739
-0.263,-3965.30637550967,-2874.42810213968,-1195.90909787261
-0.262,-3965.9002836343,-2875.96447801016,-1195.7097386208
-0.261,-3966.49311897167,-2877.51044510076,-1195.50426613841
-0.26,-3967.08482025637,-2879.06608010496,-1195.29257346593
-0.259,-3967.67532450177,-2880.63146026536,-1195.07455181731
-0.258,-3968.26456695263,-2882.20666337045,-1194.85009054879
-0.257,-3968.85248103627,-2883.79176775113,-1194.61907712729
-0.256,-3969.43899831236,-2885.38685227665,-1194.38139709822
-0.255,-3970.02404842121,-2886.99199635016,-1194.13693405291
-0.254,-3970.60755903059,-2888.60727990381,-1193.88556959537
-0.253,-3971.18945578091,-2890.23278339326,-1193.62718330869
-0.252,-3971.76966222883,-2891.86858779179,-1193.3616527208
-0.251,-3972.34809978923,-2893.51477458374,-1193.08885326971
-0.25,-3972.9246876754,-2895.17142575746,-1192.80865826834
-0.249,-3973.4993428375,-2896.83862379762,-1192.5209388686
-0.248,-3974.07197989917,-2898.51645167689,-1192.22556402513
-0.247,-3974.64251109228,-2900.20499284698,-1191.92240045836
-0.246,-3975.21084618968,-2901.90433122891,-1191.61131261704
-0.245,-3975.77689243603,-2903.61455120269,-1191.29216264028
-0.244,-3976.34055447642,-2905.33573759611,-1190.96481031891
-0.243,-3976.901734283,-2907.0679756728,-1190.62911305637
-0.242,-3977.46033107927,-2908.81135111941,-1190.28492582897
-0.241,-3978.0162412622,-2910.565950032,-1189.93210114562
-0.24,-3978.56935832188,-2912.3318589014,-1189.5704890069
-0.239,-3979.11957275885,-2914.10916459771,-1189.19993686366
-0.238,-3979.66677199883,-2915.89795435375,-1188.82028957491
-0.237,-3980.21084030491,-2917.69831574744,-1188.4313893652
-0.236,-3980.75165868707,-2919.51033668318,-1188.03307578142
-0.235,-3981.28910480888,-2921.33410537196,-1187.62518564891
-0.234,-3981.82305289139,-2923.16971031032,-1187.20755302703
-0.233,-3982.35337361408,-2925.0172402581,-1186.7800091642
-0.232,-3982.87993401273,-2926.87678421478,-1186.34238245216
-0.231,-3983.40259737419,-2928.74843139453,-1185.89449837981
-0.23,-3983.92122312783,-2930.63227119977,-1185.43617948633
-0.229,-3984.4356667337,-2932.52839319323,-1184.96724531374
-0.228,-3984.94577956725,-2934.43688706845,-1184.48751235884
-0.227,-3985.45140880033,-2936.35784261864,-1183.99679402456
-0.226,-3985.95239727866,-2938.29134970378,-1183.49490057068
-0.225,-3986.44858339534,-2940.23749821594,-1182.98163906399
-0.224,-3986.93980096053,-2942.19637804272,-1182.45681332777
-0.223,-3987.42587906689,-2944.16807902874,-1181.9202238908
-0.222,-3987.906641951,-2946.152690935,-1181.37166793564
-0.221,-3988.38190885021,-2948.15030339615,-1180.81093924638
-0.22,-3988.85149385516,-2950.16100587546,-1180.23782815584
-0.219,-3989.31520575753,-2952.18488761749,-1179.65212149211
-0.218,-3989.772847893,-2954.22203759824,-1179.05360252456
-0.217,-3990.22421797927,-2956.27254447272,-1178.44205090929
-0.216,-3990.66910794887,-2958.33649651987,-1177.81724263397
-0.215,-3991.10730377672,-2960.41398158463,-1177.17894996216
-0.214,-3991.53858530211,-2962.50508701707,-1176.52694137709
-0.213,-3991.96272604505,-2964.6098996084,-1175.86098152489
-0.212,-3992.37949301673,-2966.72850552383,-1175.18083115727
-0.211,-3992.78864652385,-2968.86099023201,-1174.48624707376
-0.21,-3993.18993996675,-2971.00743843092,-1173.77698206334
-0.209,-3993.58311963092,-2973.16793397014,-1173.05278484571
-0.208,-3993.96792447188,-2975.34255976921,-1172.31340001199
-0.207,-3994.34408589308,-2977.53139773199,-1171.55856796498
-0.206,-3994.71132751652,-2979.73452865677,-1170.78802485904
-0.205,-3995.06936494607,-2981.95203214199,-1170.00150253951
-0.204,-3995.41790552293,-2984.18398648737,-1169.19872848169
-0.203,-3995.75664807326,-2986.43046859018,-1168.37942572954
-0.202,-3996.08528264751,-2988.69155383644,-1167.54331283393
-0.201,-3996.40349025116,-2990.96731598694,-1166.69010379063
-0.2,-3996.71094256677,-2993.25782705766,-1165.81950797794
-0.199,-3997.00730166678,-2995.56315719439,-1164.9312300941
-0.198,-3997.29221971698,-2997.88337454144,-1164.02497009441
-0.197,-3997.56533867005,-3000.21854510387,-1163.10042312813
-0.196,-3997.82628994917,-3002.56873260327,-1162.15727947526
-0.195,-3998.07469412105,-3004.93399832648,-1161.19522448308
-0.194,-3998.31016055812,-3007.31440096719,-1160.21393850269
-0.193,-3998.53228708961,-3009.70999645994,-1159.21309682532
-0.192,-3998.74065964094,-3012.12083780617,-1158.19236961881
-0.191,-3998.93485186118,-3014.54697489204,-1157.15142186392
-0.19,-3999.11442473798,-3016.98845429757,-1156.08991329082
-0.189,-3999.27892619981,-3019.44531909667,-1155.0074983156
-0.188,-3999.42789070473,-3021.91760864777,-1153.90382597704
-0.187,-3999.56083881547,-3024.40535837446,-1152.77853987345
-0.186,-3999.67727676029,-3026.90859953574,-1151.63127809991
-0.185,-3999.77669597898,-3029.42735898544,-1150.46167318574
-0.184,-3999.85857265369,-3031.96165892021,-1149.26935203242
-0.183,-3999.92236722392,-3034.51151661569,-1148.0539358519
-0.182,-3999.96752388511,-3037.0769441501,-1146.81504010544
-0.181,-3999.99347007037,-3039.65794811489,-1145.55227444308
-0.18,-3999.99961591462,-3042.25452931168,-1144.26524264373
-0.179,-3999.98535370065,-3044.86668243492,-1142.95354255597
-0.178,-3999.95005728632,-3047.49439573959,-1141.6167660397
-0.177,-3999.89308151241,-3050.13765069328,-1140.25449890871
-0.176,-3999.8137615903,-3052.79642161175,-1138.86632087415
-0.175,-3999.71141246884,-3055.47067527751,-1137.45180548917
-0.174,-3999.5853281797,-3058.16037054022,-1136.01052009468
-0.173,-3999.43478116039,-3060.86545789847,-1134.54202576637
-0.172,-3999.25902155417,-3063.58587906169,-1133.04587726309
-0.171,-3999.05727648619,-3066.32156649154,-1131.52162297679
-0.17,-3998.82874931474,-3069.07244292163,-1129.9688048839
-0.169,-3998.5726188571,-3071.83842085462,-1128.38695849854
-0.168,-3998.28803858877,-3074.61940203567,-1126.77561282749
-0.167,-3997.97413581546,-3077.41527690101,-1125.13429032709
-0.166,-3997.6300108166,-3080.22592400058,-1123.46250686222
-0.165,-3997.25473595966,-3083.05120939336,-1121.75977166751
-0.164,-3996.84735478411,-3085.89098601431,-1120.02558731087
-0.163,-3996.40688105396,-3088.74509301133,-1118.25944965943
-0.162,-3995.93229777797,-3091.61335505098,-1116.46084784826
-0.161,-3995.42255619619,-3094.49558159146,-1114.62926425171
-0.16,-3994.87657473192,-3097.39156612122,-1112.76417445777
-0.159,-3994.29323790772,-3100.30108536162,-1110.86504724554
-0.158,-3993.67139522434,-3103.2238984319,-1108.9313445659
-0.157,-3993.00986000139,-3106.15974597475,-1106.96252152566
-0.156,-3992.30740817827,-3109.10834924045,-1104.95802637533
-0.155,-3991.56277707424,-3112.06940912776,-1102.91730050068
-0.154,-3990.77466410617,-3115.04260517938,-1100.83977841825
-0.153,-3989.94172546251,-3118.0275945299,-1098.7248877751
-0.152,-3989.06257473221,-3121.02401080394,-1096.5720493529
-0.151,-3988.13578148694,-3124.03146296208,-1094.38067707666
-0.15,-3987.1598698152,-3127.04953409212,-1092.15017802814
-0.149,-3986.13331680675,-3130.07778014307,-1089.87995246444
-0.148,-3985.05455098572,-3133.11572859916,-1087.56939384167
-0.147,-3983.92195069085,-3136.16287709087,-1085.21788884419
-0.146,-3982.73384240109,-3139.21869194023,-1082.82481741947
-0.145,-3981.48849900498,-3142.28260663701,-1080.38955281898
-0.144,-3980.18413801198,-3145.35402024263,-1077.91146164513
-0.143,-3978.81891970398,-3148.43229571844,-1075.38990390478
-0.142,-3977.39094522526,-3151.51675817451,-1072.82423306933
-0.141,-3975.89825460898,-3154.6066930355,-1070.21379614177
-0.14,-3974.33882473834,-3157.70134411933,-1067.557933731
-0.139,-3972.71056724058,-3160.79991162484,-1064.85598013357
-0.138,-3971.01132631181,-3163.90155002386,-1062.10726342319
-0.137,-3969.23887647082,-3167.00536585343,-1059.31110554827
-0.136,-3967.39092023984,-3170.11041540318,-1056.46682243778
-0.135,-3965.46508575027,-3173.21570229327,-1053.57372411575
-0.134,-3963.45892427146,-3176.32017493742,-1050.63111482458
-0.133,-3961.3699076605,-3179.42272388594,-1047.63829315765
-0.132,-3959.19542573106,-3182.5221790429,-1044.59455220131
-0.131,-3956.93278353919,-3185.61730675184,-1041.49917968679
-0.13,-3954.57919858434,-3188.7068067437,-1038.35145815208
-0.129,-3952.13179792342,-3191.78930894068,-1035.15066511434
-0.128,-3949.58761519604,-3194.86337010949,-1031.89607325287
-0.127,-3946.9435875592,-3197.92747035688,-1028.58695060328
-0.126,-3944.19655252941,-3200.98000946043,-1025.22256076285
-0.125,-3941.34324473054,-3204.01930302708,-1021.80216310764
-0.124,-3938.38029254578,-3207.04357847148,-1018.32501302145
-0.123,-3935.30421467199,-3210.05097080623,-1014.79036213719
-0.122,-3932.11141657507,-3213.03951823558,-1011.19745859066
-0.121,-3928.79818684483,-3216.00715754376,-1007.54554728738
-0.12,-3925.36069344824,-3218.95171926908,-1003.83387018246
-0.119,-3921.79497987992,-3221.87092265424,-1000.06166657408
-0.118,-3918.09696120903,-3224.76237036341,-996.228173410673
-0.117,-3914.26242002175,-3227.6235429558,-992.332625612233
-0.116,-3910.28700225903,-3230.45179310565,-988.37425640595
-0.115,-3906.16621294935,-3233.24433955777,-984.352297676511
-0.114,-3901.89541183649,-3235.9982608079,-980.265980331298
-0.113,-3897.46980890292,-3238.71048849635,-976.114534680762
-0.112,-3892.88445978931,-3241.37780050365,-971.897190834216
-0.111,-3888.1342611116,-3243.99681373608,-967.613179111294
-0.11,-3883.21394567699,-3246.56397658926,-963.261730469301
-0.109,-3878.11807760109,-3249.07556107727,-958.842076946664
-0.108,-3872.84104732877,-3251.52765461474,-954.353452122696
-0.107,-3867.37706656186,-3253.91615143938,-949.79509159384
-0.106,-3861.7201630976,-3256.23674366181,-945.166233466575
-0.105,-3855.86417558232,-3258.48491192995,-940.466118867128
-0.104,-3849.80274818561,-3260.65591569483,-935.693992468108
-0.103,-3843.52932520107,-3262.74478306487,-930.849103032191
-0.102,-3837.0371455806,-3264.7463002357,-925.930703972924
-0.101,-3830.31923741025,-3266.65500048288,-920.938053932706
-0.1,-3823.36841233656,-3268.46515270489,-915.870417377992
-0.099,-3816.17725995354,-3270.17074950444,-910.727065211717
-0.098,-3808.73814216161,-3271.76549479631,-905.507275402924
-0.097,-3801.04318751124,-3273.2427909308,-900.21033363353
-0.096,-3793.08428554525,-3274.59572532255,-894.835533962165
-0.095,-3784.85308115551,-3275.81705657526,-889.382179504942
-0.094,-3776.34096897109,-3276.89920009421,-883.849583133028
-0.093,-3767.53908779694,-3277.83421317966,-878.2370681868
-0.092,-3758.43831512389,-3278.61377959564,-872.543969206376
-0.091,-3749.02926173274,-3279.22919361081,-866.76963267824
-0.09,-3739.30226641728,-3279.67134350964,-860.913417797649
-0.089,-3729.24739085353,-3279.93069457508,-854.974697246478
-0.088,-3718.85441464449,-3279.99727154622,-848.952857986086
-0.087,-3708.11283057257,-3279.86064055778,-842.847302064771
-0.086,-3697.0118400942,-3279.50989057178,-836.657447439313
-0.085,-3685.54034911411,-3278.93361431554,-830.382728810063
-0.084,-3673.68696407956,-3278.1198887449,-824.022598468988
-0.083,-3661.43998843791,-3277.05625505632,-817.576527160016
-0.082,-3648.78741950399,-3275.72969827729,-811.044004951002
-0.081,-3635.71694578733,-3274.12662647045,-804.424542116544
-0.08,-3622.21594483227,-3272.23284959398,-797.71767003085
-0.079,-3608.27148162802,-3270.03355806827,-790.9229420698
-0.078,-3593.870307649,-3267.51330110725,-784.039934521271
-0.077,-3578.99886058978,-3264.65596488205,-777.068247502761
-0.076,-3563.64326486262,-3261.44475059476,-770.007505885274
-0.075,-3547.7893329295,-3257.86215255111,-762.857360222369
-0.074,-3531.42256754452,-3253.88993633274,-755.617487683241
-0.073,-3514.52816498623,-3249.50911718318,-748.287592988607
-0.072,-3497.09101936377,-3244.69993873535,-740.867409348146
-0.071,-3479.09572808387,-3239.44185222403,-733.35669939817
-0.07,-3460.52659857016,-3233.71349634288,-725.75525613814
-0.069,-3441.36765632926,-3227.49267792353,-718.062903864611
-0.068,-3421.60265446191,-3220.75635363261,-710.279499101089
-0.067,-3401.21508472018,-3213.48061290316,-702.404931522294
-0.066,-3380.18819021479,-3205.64066233736,-694.439124871204
-0.065,-3358.50497987902,-3197.21081184052,-686.382037867255
-0.064,-3336.14824479749,-3188.16446276925,-678.233665104002
-0.063,-3313.1005765095,-3178.47409840119,-669.994037934503
-0.062,-3289.34438739767,-3168.11127705931,-661.663225342641
-0.061,-3264.86193327225,-3157.04662824949,-653.241334798579
-0.06,-3239.63533826101,-3145.24985219699,-644.728513096474
-0.059,-3213.6466221128,-3132.68972319423,-636.124947172566
-0.058,-3186.87773002006,-3119.33409719946,-627.430864901731
-0.057,-3159.31056506173,-3105.14992415241,-618.646535870529
-0.056,-3130.92702336283,-3090.10326549939,-609.772272124806
-0.055,-3101.70903206013,-3074.15931744481,-600.808428889842
-0.054,-3071.63859015571,-3057.28244046966,-591.755405261054
-0.053,-3040.69781232989,-3039.43619567811,-582.613644863252
-0.052,-3008.86897577383,-3020.58338855169,-573.383636476439
-0.051,-2976.13457008873,-3000.68612070441,-564.065914626142
-0.05,-2942.47735028291,-2979.70585024206,-554.661060136287
-0.049,-2907.88039288089,-2957.60346133287,-545.169700642634
-0.048,-2872.32715513897,-2934.33934359469,-535.592511064806
-0.047,-2835.80153733981,-2909.87348189342,-525.930214034993
-0.046,-2798.28794811476,-2884.1655571293,-516.183580281412
-0.045,-2759.77137271618,-2857.17505855863,-506.353428964682
-0.044,-2720.23744413361,-2828.86140815928,-496.440627965293
-0.043,-2679.67251691681,-2799.18409749599,-486.446094120408
-0.042,-2638.06374353582,-2768.10283747614,-476.370793408311
-0.041,-2595.39915307358,-2735.57772130645,-466.215741078861
-0.04,-2551.66773200991,-2701.56940086468,-455.982001728401
-0.039,-2506.85950681727,-2666.03927658819,-445.670689317649
-0.038,-2460.96562804985,-2628.94970085039,-435.282967131178
-0.037,-2413.97845556641,-2590.26419464804,-424.82004767721
-0.036,-2365.89164448686,-2549.94767725584,-414.283192526509
-0.035,-2316.70023144132,-2507.96670831938,-403.673712089325
-0.034,-2266.4007206296,-2464.28974165575,-392.992965329382
-0.033,-2214.99116916964,-2418.88738981094,-382.242359414106
-0.032,-2162.47127117511,-2371.73269818957,-371.423349300333
-0.031,-2108.84243996659,-2322.80142732436,-360.537437254939
-0.03,-2054.10788778791,-2272.07234159524,-349.586172309915
-0.029,-1998.27270237009,-2219.52750244331,-338.571149651597
-0.028,-1941.34391966046,-2165.15256385726,-327.494009943869
-0.027,-1883.33059201509,-2108.93706764495,-316.356438585337
-0.026,-1824.24385113932,-2050.87473574466,-305.1601649006
-0.025,-1764.09696505417,-1990.96375658714,-293.906961265927
-0.024,-1702.9053883672,-1929.20706229554,-282.598642169777
-0.023,-1640.68680513507,-1865.61259331468,-271.237063208798
-0.022,-1577.4611636225,-1800.1935468998,-259.824120020053
-0.021,-1513.25070228865,-1732.96860577614,-248.361747150445
-0.02,-1448.07996636802,-1663.9621432118,-236.851916864419
-0.019,-1381.97581445843,-1593.20440073385,-225.296637891218
-0.018,-1314.96741458418,-1520.73163476841,-213.697954113123
-0.017,-1247.08622926721,-1446.58622860484,-202.057943196257
-0.016,-1178.36598921354,-1370.81676627613,-190.378715165706
-0.015,-1108.84265530553,-1293.47806521535,-178.662410926855
-0.014,-1038.55436868171,-1214.63116489233,-166.911200734991
-0.013,-967.541388784847,-1134.3432690551,-155.127282615371
-0.012,-895.846019363923,-1052.68763969316,-143.312880736098
-0.011,-823.512522525776,-969.743441400337,-131.470243736287
-0.01,-750.587021046091,-885.595535435179,-119.601643012113
-0.009,-677.117389265284,-800.334223447077,-107.709370963501
-0.008,-603.153133011403,-714.05494154511,-95.7957392042775
-0.007,-528.745259107367,-626.857906119452,-83.8630767387614
-0.006,-453.946135132144,-538.847713567281,-71.9137281078478
-0.005,-378.809340212891,-450.132896809866,-59.9500515077317
-0.004,-303.389507725923,-360.825442197584,-47.9744168845098
-0.003,-227.742160876951,-271.040271068073,-35.9892040079658
-0.002,-151.923542213651,-180.894690832485,-23.9968005279102
-0.001,-75.990438194938,-90.5078210002849,-11.9996000164993
0,0,0,0
0.001,75.990438194938,90.5078210002849,11.9996000164993
0.002,151.923542213651,180.894690832485,23.9968005279102
0.003,227.742160876951,271.040271068073,35.9892040079658
0.004,303.389507725923,360.825442197584,47.9744168845098
0.005,378.809340212891,450.132896809866,59.9500515077317
0.006,453.946135132144,538.847713567281,71.9137281078478
0.007,528.745259107367,626.857906119452,83.8630767387614
0.008,603.153133011403,714.05494154511,95.7957392042775
0.009,677.117389265284,800.334223447077,107.709370963501
0.01,750.587021046091,885.595535435179,119.601643012113
0.011,823.512522525776,969.743441400337,131.470243736287
0.012,895.846019363923,1052.68763969316,143.312880736098
0.013,967.541388784847,1134.3432690551,155.127282615371
0.014,1038.55436868171,1214.63116489233,166.911200734991
0.015,1108.84265530553,1293.47806521535,178.662410926855
0.016,1178.36598921354,1370.81676627613,190.378715165706
0.017,1247.08622926721,1446.58622860484,202.057943196257
0.018,1314.96741458418,1520.73163476841,213.697954113123
0.019,1381.97581445843,1593.20440073385,225.296637891218
0.02,1448.07996636802,1663.9621432118,236.851916864419
0.021,1513.25070228865,1732.96860577614,248.361747150445
0.022,1577.4611636225,1800.1935468998,259.824120020053
0.023,1640.68680513507,1865.61259331468,271.237063208798
0.024,1702.9053883672,1929.20706229554,282.598642169777
0.025,1764.09696505417,1990.96375658714,293.906961265927
0.026,1824.24385113932,2050.87473574466,305.1601649006
0.027,1883.33059201509,2108.93706764495,316.356438585337
0.028,1941.34391966046,2165.15256385726,327.494009943869
0.029,1998.27270237009,2219.52750244331,338.571149651597
0.03,2054.10788778791,2272.07234159524,349.586172309915
0.031,2108.84243996659,2322.80142732436,360.537437254939
0.032,2162.47127117511,2371.73269818957,371.423349300333
0.033,2214.99116916964,2418.88738981094,382.242359414106
0.034,2266.4007206296,2464.28974165575,392.992965329382
0.035,2316.70023144132,2507.96670831938,403.673712089325
0.036,2365.89164448686,2549.94767725584,414.283192526509
0.037,2413.97845556641,2590.26419464804,424.82004767721
0.038,2460.96562804985,2628.94970085039,435.282967131178
0.039,2506.85950681727,2666.03927658819,445.670689317649
0.04,2551.66773200991,2701.56940086468,455.982001728401
0.041,2595.39915307358,2735.57772130645,466.215741078861
0.042,2638.06374353582,2768.10283747614,476.370793408311
0.043,2679.67251691681,2799.18409749599,486.446094120408
0.044,2720.23744413361,2828.86140815928,496.440627965293
0.045,2759.77137271618,2857.17505855863,506.353428964682
0.046,2798.28794811476,2884.1655571293,516.183580281412
0.047,2835.80153733981,2909.87348189342,525.930214034993
0.048,2872.32715513897,2934.33934359469,535.592511064806
0.049,2907.88039288089,2957.60346133287,545.169700642634
0.05,2942.47735028291,2979.70585024206,554.661060136287
0.051,2976.13457008873,3000.68612070441,564.065914626142
0.052,3008.86897577383,3020.58338855169,573.383636476439
0.053,3040.69781232989,3039.43619567811,582.613644863252
0.054,3071.63859015571,3057.28244046966,591.755405261054
0.055,3101.70903206013,3074.15931744481,600.808428889842
0.056,3130.92702336283,3090.10326549939,609.772272124806
0.057,3159.31056506173,3105.14992415241,618.646535870529
0.058,3186.87773002006,3119.33409719946,627.430864901731
0.059,3213.6466221128,3132.68972319423,636.124947172566
0.06,3239.63533826101,3145.24985219699,644.728513096474
0.061,3264.86193327225,3157.04662824949,653.241334798579
0.062,3289.34438739767,3168.11127705931,661.663225342641
0.063,3313.1005765095,3178.47409840119,669.994037934503
0.064,3336.14824479749,3188.16446276925,678.233665104002
0.065,3358.50497987902,3197.21081184052,686.382037867255
0.066,3380.18819021479,3205.64066233736,694.439124871204
0.067,3401.21508472018,3213.48061290316,702.404931522294
0.068,3421.60265446191,3220.75635363261,710.279499101089
0.069,3441.36765632926,3227.49267792353,718.062903864611
0.07,3460.52659857016,3233.71349634288,725.75525613814
0.071,3479.09572808387,3239.44185222403,733.35669939817
0.072,3497.09101936377,3244.69993873535,740.867409348146
0.073,3514.52816498623,3249.50911718318,748.287592988607
0.074,3531.42256754452,3253.88993633274,755.617487683241
0.075,3547.7893329295,3257.86215255111,762.857360222369
0.076,3563.64326486262,3261.44475059476,770.007505885274
0.077,3578.99886058978,3264.65596488205,777.068247502761
0.078,3593.870307649,3267.51330110725,784.039934521271
0.079,3608.27148162802,3270.03355806827,790.9229420698
0.08,3622.21594483227,3272.23284959398,797.71767003085
0.081,3635.71694578733,3274.12662647045,804.424542116544
0.082,3648.78741950399,3275.72969827729,811.044004951002
0.083,3661.43998843791,3277.05625505632,817.576527160016
0.084,3673.68696407956,3278.1198887449,824.022598468988
0.085,3685.54034911411,3278.93361431554,830.382728810063
0.086,3697.0118400942,3279.50989057178,836.657447439313
0.087,3708.11283057257,3279.86064055778,842.847302064771
0.088,3718.85441464449,3279.99727154622,848.952857986086
0.089,3729.24739085353,3279.93069457508,854.974697246478
0.09,3739.30226641728,3279.67134350964,860.913417797649
0.091,3749.02926173274,3279.22919361081,866.76963267824
0.092,3758.43831512389,3278.61377959564,872.543969206376
0.093,3767.53908779694,3277.83421317966,878.2370681868
0.094,3776.34096897109,3276.89920009421,883.849583133028
0.095,3784.85308115551,3275.81705657526,889.382179504942
0.096,3793.08428554525,3274.59572532255,894.835533962165
0.097,3801.04318751124,3273.2427909308,900.21033363353
0.098,3808.73814216161,3271.76549479631,905.507275402924
0.099,3816.17725995354,3270.17074950444,910.727065211717
0.1,3823.36841233656,3268.46515270489,915.870417377992
0.101,3830.31923741025,3266.65500048288,920.938053932706
0.102,3837.0371455806,3264.7463002357,925.930703972924
0.103,3843.52932520107,3262.74478306487,930.849103032191
0.104,3849.80274818561,3260.65591569483,935.693992468108
0.105,3855.86417558232,3258.48491192995,940.466118867128
0.106,3861.7201630976,3256.23674366181,945.166233466575
0.107,3867.37706656186,3253.91615143938,949.79509159384
0.108,3872.84104732877,3251.52765461474,954.353452122696
0.109,3878.11807760109,3249.07556107727,958.842076946664
0.11,3883.21394567699,3246.56397658926,963.261730469301
0.111,3888.1342611116,3243.99681373608,967.613179111294
0.112,3892.88445978931,3241.37780050365,971.897190834216
0.113,3897.46980890292,3238.71048849635,976.114534680762
0.114,3901.89541183649,3235.9982608079,980.265980331298
0.115,3906.16621294935,3233.24433955777,984.352297676511
0.116,3910.28700225903,3230.45179310565,988.37425640595
0.117,3914.26242002175,3227.6235429558,992.332625612233
0.118,3918.09696120903,3224.76237036341,996.228173410673
0.119,3921.79497987992,3221.87092265424,1000.06166657408
0.12,3925.36069344824,3218.95171926908,1003.83387018246
0.121,3928.79818684483,3216.00715754376,1007.54554728738
0.122,3932.11141657507,3213.03951823558,1011.19745859066
0.123,3935.30421467199,3210.05097080623,1014.79036213719
0.124,3938.38029254578,3207.04357847148,1018.32501302145
0.125,3941.34324473054,3204.01930302708,1021.80216310764
0.126,3944.19655252941,3200.98000946043,1025.22256076285
0.127,3946.9435875592,3197.92747035688,1028.58695060328
0.128,3949.58761519604,3194.86337010949,1031.89607325287
0.129,3952.13179792342,3191.78930894068,1035.15066511434
0.13,3954.57919858434,3188.7068067437,1038.35145815208
0.131,3956.93278353919,3185.61730675184,1041.49917968679
0.132,3959.19542573106,3182.5221790429,1044.59455220131
0.133,3961.3699076605,3179.42272388594,1047.63829315765
0.134,3963.45892427146,3176.32017493742,1050.63111482458
0.135,3965.46508575027,3173.21570229327,1053.57372411575
0.136,3967.39092023984,3170.11041540318,1056.46682243778
0.137,3969.23887647082,3167.00536585343,1059.31110554827
0.138,3971.01132631181,3163.90155002386,1062.10726342319
0.139,3972.71056724058,3160.79991162484,1064.85598013357
0.14,3974.33882473834,3157.70134411933,1067.557933731
0.141,3975.89825460898,3154.6066930355,1070.21379614177
0.142,3977.39094522526,3151.51675817451,1072.82423306933
0.143,3978.81891970398,3148.43229571844,1075.38990390478
0.144,3980.18413801198,3145.35402024263,1077.91146164513
0.145,3981.48849900498,3142.28260663701,1080.38955281898
0.146,3982.73384240109,3139.21869194023,1082.82481741947
0.147,3983.92195069085,3136.16287709087,1085.21788884419
0.148,3985.05455098572,3133.11572859916,1087.56939384167
0.149,3986.13331680675,3130.07778014307,1089.87995246444
0.15,3987.1598698152,3127.04953409212,1092.15017802814
0.151,3988.13578148694,3124.03146296208,1094.38067707666
0.152,3989.06257473221,3121.02401080394,1096.5720493529
0.153,3989.94172546251,3118.0275945299,1098.7248877751
0.154,3990.77466410617,3115.04260517938,1100.83977841825
0.155,3991.56277707424,3112.06940912776,1102.91730050068
0.156,3992.30740817827,3109.10834924045,1104.95802637533
0.157,3993.00986000139,3106.15974597475,1106.96252152566
0.158,3993.67139522434,3103.2238984319,1108.9313445659
0.159,3994.29323790772,3100.30108536162,1110.86504724554
0.16,3994.87657473192,3097.39156612122,1112.76417445777
0.161,3995.42255619619,3094.49558159146,1114.62926425171
0.162,3995.93229777797,3091.61335505098,1116.46084784826
0.163,3996.40688105396,3088.74509301133,1118.25944965943
0.164,3996.84735478411,3085.89098601431,1120.02558731087
0.165,3997.25473595966,3083.05120939336,1121.75977166751
0.166,3997.6300108166,3080.22592400058,1123.46250686222
0.167,3997.97413581546,3077.41527690101,1125.13429032709
0.168,3998.28803858877,3074.61940203567,1126.77561282749
0.169,3998.5726188571,3071.83842085462,1128.38695849854
0.17,3998.82874931474,3069.07244292163,1129.9688048839
0.171,3999.05727648619,3066.32156649154,1131.52162297679
0.172,3999.25902155417,3063.58587906169,1133.04587726309
0.173,3999.43478116039,3060.86545789847,1134.54202576637
0.174,3999.5853281797,3058.16037054022,1136.01052009468
0.175,3999.71141246884,3055.47067527751,1137.45180548917
0.176,3999.8137615903,3052.79642161175,1138.86632087415
0.177,3999.89308151241,3050.13765069328,1140.25449890871
0.178,3999.95005728632,3047.49439573959,1141.6167660397
0.179,3999.98535370065,3044.86668243492,1142.95354255597
0.18,3999.99961591462,3042.25452931168,1144.26524264373
0.181,3999.99347007037,3039.65794811489,1145.55227444308
0.182,3999.96752388511,3037.0769441501,1146.81504010544
0.183,3999.92236722392,3034.51151661569,1148.0539358519
0.184,3999.85857265369,3031.96165892021,1149.26935203242
0.185,3999.77669597898,3029.42735898544,1150.46167318574
0.186,3999.67727676029,3026.90859953574,1151.63127809991
0.187,3999.56083881547,3024.40535837446,1152.77853987345
0.188,3999.42789070473,3021.91760864777,1153.90382597704
0.189,3999.27892619981,3019.44531909667,1155.0074983156
0.19,3999.11442473798,3016.98845429757,1156.08991329082
0.191,3998.93485186118,3014.54697489204,1157.15142186392
0.192,3998.74065964094,3012.12083780617,1158.19236961881
0.193,3998.53228708961,3009.70999645994,1159.21309682532
0.194,3998.31016055812,3007.31440096719,1160.21393850269
0.195,3998.07469412105,3004.93399832648,1161.19522448308
0.196,3997.82628994917,3002.56873260327,1162.15727947526
0.197,3997.56533867005,3000.21854510387,1163.10042312813
0.198,3997.29221971698,2997.88337454144,1164.02497009441
0.199,3997.00730166678,2995.56315719439,1164.9312300941
0.2,3996.71094256677,2993.25782705766,1165.81950797794
0.201,3996.40349025116,2990.96731598694,1166.69010379063
0.202,3996.08528264751,2988.69155383644,1167.54331283393
0.203,3995.75664807326,2986.43046859018,1168.37942572954
0.204,3995.41790552293,2984.18398648737,1169.19872848169
0.205,3995.06936494607,2981.95203214199,1170.00150253951
0.206,3994.71132751652,2979.73452865677,1170.78802485904
0.207,3994.34408589308,2977.53139773199,1171.55856796498
0.208,3993.96792447188,2975.34255976921,1172.31340001199
0.209,3993.58311963092,2973.16793397014,1173.05278484571
0.21,3993.18993996675,2971.00743843092,1173.77698206334
0.211,3992.78864652385,2968.86099023201,1174.48624707376
0.212,3992.37949301673,2966.72850552383,1175.18083115727
0.213,3991.96272604505,2964.6098996084,1175.86098152489
0.214,3991.53858530211,2962.50508701707,1176.52694137709
0.215,3991.10730377672,2960.41398158463,1177.17894996216
0.216,3990.66910794887,2958.33649651987,1177.81724263397
0.217,3990.22421797927,2956.27254447272,1178.44205090929
0.218,3989.772847893,2954.22203759824,1179.05360252456
0.219,3989.31520575753,2952.18488761749,1179.65212149211
0.22,3988.85149385516,2950.16100587546,1180.23782815584
0.221,3988.38190885021,2948.15030339615,1180.81093924638
0.222,3987.906641951,2946.152690935,1181.37166793564
0.223,3987.42587906689,2944.16807902874,1181.9202238908
0.224,3986.93980096053,2942.19637804272,1182.45681332777
0.225,3986.44858339534,2940.23749821594,1182.98163906399
0.226,3985.95239727866,2938.29134970378,1183.49490057068
0.227,3985.45140880033,2936.35784261864,1183.99679402456
0.228,3984.94577956725,2934.43688706845,1184.48751235884
0.229,3984.4356667337,2932.52839319323,1184.96724531374
0.23,3983.92122312783,2930.63227119977,1185.43617948633
0.231,3983.40259737419,2928.74843139453,1185.89449837981
0.232,3982.87993401273,2926.87678421478,1186.34238245216
0.233,3982.35337361408,2925.0172402581,1186.7800091642
0.234,3981.82305289139,2923.16971031032,1187.20755302703
0.235,3981.28910480888,2921.33410537196,1187.62518564891
0.236,3980.75165868707,2919.51033668318,1188.03307578142
0.237,3980.21084030491,2917.69831574744,1188.4313893652
0.238,3979.66677199883,2915.89795435375,1188.82028957491
0.239,3979.11957275885,2914.10916459771,1189.19993686366
0.24,3978.56935832188,2912.3318589014,1189.5704890069
0.241,3978.0162412622,2910.565950032,1189.93210114562
0.242,3977.46033107927,2908.81135111941,1190.28492582897
0.243,3976.901734283,2907.0679756728,1190.62911305637
0.244,3976.34055447642,2905.33573759611,1190.96481031891
0.245,3975.77689243603,2903.61455120269,1191.29216264028
0.246,3975.21084618968,2901.90433122891,1191.61131261704
0.247,3974.64251109228,2900.20499284698,1191.92240045836
0.248,3974.07197989917,2898.51645167689,1192.22556402513
0.249,3973.4993428375,2896.83862379762,1192.5209388686
0.25,3972.9246876754,2895.17142575746,1192.80865826834
0.251,3972.34809978923,2893.51477458374,1193.08885326971
0.252,3971.76966222883,2891.86858779179,1193.3616527208
0.253,3971.18945578091,2890.23278339326,1193.62718330869
0.254,3970.60755903059,2888.60727990381,1193.88556959537
0.255,3970.02404842121,2886.99199635016,1194.13693405291
0.256,3969.43899831236,2885.38685227665,1194.38139709822
0.257,3968.85248103627,2883.79176775113,1194.61907712729
0.258,3968.26456695263,2882.20666337045,1194.85009054879
0.259,3967.67532450177,2880.63146026536,1195.07455181731
0.26,3967.08482025637,2879.06608010496,1195.29257346593
0.261,3966.49311897167,2877.51044510076,1195.50426613841
0.262,3965.9002836343,2875.96447801016,1195.7097386208
0.263,3965.30637550967,2874.42810213968,1195.90909787261
0.264,3964.71145418807,2872.9012413477,1196.10244905739
0.265,3964.11557762941,2871.38382004685,1196.28989557298
0.266,3963.51880220677,2869.87576320605,1196.47153908115
0.267,3962.92118274864,2868.37699635219,1196.6474795368
0.268,3962.32277258009,2866.88744557155,1196.81781521675
0.269,3961.72362356265,2865.40703751079,1196.98264274799
0.27,3961.12378613319,2863.9356993778,1197.14205713552
0.271,3960.52330934164,2862.47335894219,1197.29615178975
0.272,3959.92224088772,2861.01994453545,1197.44501855341
0.273,3959.32062715659,2859.57538505104,1197.58874772804
0.274,3958.71851325355,2858.13960994407,1197.72742810012
0.275,3958.11594303775,2856.71254923083,1197.86114696663
0.276,3957.51295915504,2855.29413348812,1197.98999016035
0.277,3956.90960306977,2853.88429385234,1198.11404207459
0.278,3956.30591509591,2852.48296201842,1198.23338568766
0.279,3955.7019344271,2851.09007023852,1198.34810258684
0.28,3955.09769916607,2849.70555132061,1198.45827299196
0.281,3954.49324635315,2848.32933862687,1198.56397577863
0.282,3953.88861199397,2846.96136607194,1198.66528850105
0.283,3953.28383108652,2845.60156812099,1198.76228741449
0.284,3952.67893764738,2844.24987978768,1198.8550474973
0.285,3952.07396473726,2842.90623663203,1198.94364247264
0.286,3951.46894448584,2841.57057475809,1199.02814482983
0.287,3950.863908116,2840.24283081155,1199.10862584531
0.288,3950.2588859673,2838.92294197721,1199.18515560325
0.289,3949.65390751887,2837.61084597638,1199.25780301585
0.29,3949.04900141172,2836.30648106418,1199.3266358433
0.291,3948.44419547038,2835.00978602668,1199.3917207133
0.292,3947.83951672401,2833.72070017811,1199.45312314041
0.293,3947.23499142693,2832.43916335779,1199.51090754496
0.294,3946.6306450786,2831.16511592719,1199.56513727165
0.295,3946.02650244307,2829.89849876677,1199.61587460788
0.296,3945.42258756789,2828.63925327283,1199.66318080173
0.297,3944.81892380257,2827.38732135428,1199.70711607966
0.298,3944.21553381646,2826.14264542937,1199.74773966386
0.299,3943.6124396163,2824.90516842235,1199.7851097894
0.3,3943.00966256311,2823.67483376009,1199.81928372094
0.301,3942.40722338883,2822.45158536869,1199.85031776932
0.302,3941.8051422124,2821.23536766999,1199.87826730772
0.303,3941.20343855541,2820.0261255781,1199.90318678767
0.304,3940.60213135746,2818.82380449585,1199.92512975467
0.305,3940.00123899097,2817.62835031127,1199.94414886361
0.306,3939.40077927567,2816.439709394,1199.96029589395
0.307,3938.80076949275,2815.25782859167,1199.97362176452
0.308,3938.20122639856,2814.08265522629,1199.98417654822
0.309,3937.60216623801,2812.91413709064,1199.99200948637
0.31,3937.00360475757,2811.75222244456,1199.99716900279
0.311,3936.40555721804,2810.59686001131,1199.99970271776
0.312,3935.80803840681,2809.44799897392,1199.9996574616
0.313,3935.21106265,2808.30558897145,1199.99707928808
0.314,3934.61464382412,2807.16958009532,1199.99201348765
0.315,3934.01879536755,2806.03992288565,1199.9845046003
0.316,3933.42353029166,2804.91656832748,1199.97459642837
0.317,3932.82886119164,2803.79946784714,1199.96233204899
0.318,3932.23480025709,2802.68857330854,1199.94775382641
0.319,3931.64135928232,2801.58383700943,1199.93090342403
0.32,3931.04854967637,2800.48521167774,1199.91182181632
0.321,3930.4563824728,2799.3926504679,1199.89054930042
0.322,3929.86486833921,2798.30610695712,1199.86712550765
0.323,3929.27401758653,2797.22553514176,1199.84158941475
0.324,3928.68384017807,2796.15088943365,1199.81397935494
0.325,3928.09434573832,2795.08212465641,1199.78433302877
0.326,3927.50554356158,2794.01919604185,1199.75268751488
0.327,3926.91744262029,2792.96205922629,1199.7190792804
0.328,3926.33005157324,2791.910670247,1199.68354419136
0.329,3925.74337877349,2790.86498553856,1199.64611752274
0.33,3925.15743227615,2789.82496192927,1199.60683396851
0.331,3924.57221984594,2788.79055663761,1199.56572765138
0.332,3923.98774896453,2787.76172726863,1199.52283213242
0.333,3923.40402683776,2786.73843181049,1199.47818042053
0.334,3922.82106040264,2785.72062863086,1199.43180498172
0.335,3922.23885633415,2784.70827647348,1199.38373774821
0.336,3921.65742105194,2783.70133445465,1199.33401012747
0.337,3921.07676072678,2782.69976205978,1199.28265301097
0.338,3920.49688128689,2781.70351913992,1199.22969678286
0.339,3919.91778842417,2780.7125659084,1199.17517132849
0.34,3919.33948760014,2779.72686293738,1199.11910604279
0.341,3918.76198405183,2778.74637115447,1199.06152983843
0.342,3918.18528279754,2777.77105183944,1199.00247115397
0.343,3917.60938864237,2776.8008666208,1198.94195796174
0.344,3917.03430618366,2775.83577747257,1198.88001777569
0.345,3916.46003981635,2774.87574671092,1198.81667765899
0.346,3915.88659373809,2773.92073699099,1198.75196423162
0.347,3915.31397195431,2772.97071130357,1198.68590367776
0.348,3914.74217828316,2772.02563297195,1198.61852175303
0.349,3914.17121636027,2771.0854656487,1198.54984379168
0.35,3913.60108964348,2770.1501733125,1198.47989471359
0.351,3913.03180141735,2769.219720265,1198.40869903117
0.352,3912.46335479767,2768.29407112772,1198.33628085616
0.353,3911.89575273576,2767.37319083895,1198.26266390628
0.354,3911.32899802273,2766.45704465067,1198.18787151181
0.355,3910.76309329361,2765.54559812552,1198.11192662198
0.356,3910.19804103137,2764.6388171338,1198.03485181135
0.357,3909.63384357088,2763.73666785043,1197.95666928598
0.358,3909.07050310272,2762.83911675202,1197.87740088957
0.359,3908.50802167694,2761.94613061395,1197.79706810948
0.36,3907.9464012067,2761.05767650738,1197.71569208258
0.361,3907.38564347186,2760.17372179644,1197.6332936011
0.362,3906.82575012241,2759.29423413532,1197.5498931183
0.363,3906.26672268192,2758.41918146543,1197.46551075411
0.364,3905.70856255077,2757.54853201261,1197.38016630057
0.365,3905.15127100948,2756.6822542843,1197.29387922733
0.366,3904.59484922177,2755.82031706683,1197.20666868689
0.367,3904.03929823769,2754.96268942262,1197.11855351988
0.368,3903.48461899658,2754.10934068752,1197.02955226014
0.369,3902.93081233004,2753.26024046809,1196.93968313986
0.37,3902.37787896474,2752.41535863892,1196.84896409446
0.371,3901.82581952526,2751.57466534005,1196.75741276749
0.372,3901.27463453673,2750.73813097428,1196.66504651545
0.373,3900.72432442758,2749.90572620465,1196.57188241249
0.374,3900.17488953204,2749.07742195182,1196.47793725502
0.375,3899.62633009275,2748.25318939155,1196.3832275663
0.376,3899.07864626315,2747.43299995219,1196.28776960088
0.377,3898.53183810994,2746.61682531218,1196.19157934903
0.378,3897.9859056154,2745.80463739757,1196.09467254104
0.379,3897.44084867969,2744.9964083796,1195.99706465147
0.38,3896.8966671231,2744.19211067226,1195.89877090336
0.381,3896.35336068821,2743.39171692989,1195.79980627229
0.382,3895.81092904205,2742.59520004482,1195.70018549045
0.383,3895.26937177812,2741.80253314502,1195.5999230506
0.384,3894.72868841852,2741.01368959175,1195.49903320997
0.385,3894.18887841582,2740.22864297728,1195.39752999408
0.386,3893.64994115508,2739.4473671226,1195.29542720054
0.387,3893.11187595569,2738.66983607517,1195.19273840272
0.388,3892.57468207322,2737.89602410665,1195.08947695342
0.389,3892.03835870121,2737.12590571075,1194.98565598844
0.39,3891.50290497297,2736.35945560096,1194.8812884301
0.391,3890.96831996323,2735.59664870845,1194.7763869907
0.392,3890.43460268984,2734.83746017989,1194.67096417593
0.393,3889.90175211541,2734.08186537531,1194.56503228819
0.394,3889.3697671489,2733.32983986605,1194.45860342994
0.395,3888.83864664714,2732.58135943261,1194.35168950683
0.396,3888.3083894164,2731.83640006264,1194.244302231
0.397,3887.77899421382,2731.09493794887,1194.1364531241
0.398,3887.25045974891,2730.35694948711,1194.02815352041
0.399,3886.72278468491,2729.62241127425,1193.91941456989
0.4,3886.19596764018,2728.89130010626,1193.81024724107
0.401,3885.67000718957,2728.16359297626,1193.70066232405
0.402,3885.14490186569,2727.43926707257,1193.59067043333
0.403,3884.62065016024,2726.71829977678,1193.48028201063
0.404,3884.0972505252,2726.0006686619,1193.36950732768
0.405,3883.57470137411,2725.28635149041,1193.25835648894
0.406,3883.05300108323,2724.57532621247,1193.14683943431
0.407,3882.53214799267,2723.86757096403,1193.03496594173
0.408,3882.01214040761,2723.16306406505,1192.92274562978
0.409,3881.49297659932,2722.46178401767,1192.81018796027
0.41,3880.97465480629,2721.76370950444,1192.69730224069
0.411,3880.45717323527,2721.06881938655,1192.58409762674
0.412,3879.94053006229,2720.37709270212,1192.4705831247
0.413,3879.42472343369,2719.6885086644,1192.35676759385
0.414,3878.90975146708,2719.00304666013,1192.24265974881
0.415,3878.3956122523,2718.32068624782,1192.12826816183
0.416,3877.88230385236,2717.64140715609,1192.01360126508
0.417,3877.36982430434,2716.96518928199,1191.89866735287
0.418,3876.8581716203,2716.29201268939,1191.78347458383
0.419,3876.34734378813,2715.62185760734,1191.6680309831
0.42,3875.8373387724,2714.95470442846,1191.55234444445
0.421,3875.3281545152,2714.2905337074,1191.43642273231
0.422,3874.81978893693,2713.62932615921,1191.3202734839
0.423,3874.3122399371,2712.97106265781,1191.2039042112
0.424,3873.80550539508,2712.31572423447,1191.08732230294
0.425,3873.29958317089,2711.66329207626,1190.97053502657
0.426,3872.79447110589,2711.01374752456,1190.85354953018
0.427,3872.29016702351,2710.36707207359,1190.73637284436
0.428,3871.78666872994,2709.72324736888,1190.61901188409
0.429,3871.28397401482,2709.08225520587,1190.50147345055
0.43,3870.78208065192,2708.44407752844,1190.38376423291
0.431,3870.28098639975,2707.8086964275,1190.26589081014
0.432,3869.78068900221,2707.17609413953,1190.14785965268
0.433,3869.2811861892,2706.54625304527,1190.02967712423
0.434,3868.78247567725,2705.91915566823,1189.91134948334
0.435,3868.28455517005,2705.29478467342,1189.79288288517
0.436,3867.78742235908,2704.67312286593,1189.67428338303
0.437,3867.29107492415,2704.05415318963,1189.55555693001
0.438,3866.79551053392,2703.43785872582,1189.43670938058
0.439,3866.30072684645,2702.82422269192,1189.31774649212
0.44,3865.80672150973,2702.2132284402,1189.19867392641
0.441,3865.31349216216,2701.60485945646,1189.07949725121
0.442,3864.82103643308,2700.99909935879,1188.96022194166
0.443,3864.3293519432,2700.3959318963,1188.84085338176
0.444,3863.83843630512,2699.79534094787,1188.72139686581
0.445,3863.34828712373,2699.19731052093,1188.60185759977
0.446,3862.85890199673,2698.60182475023,1188.48224070272
0.447,3862.370278515,2698.00886789667,1188.36255120814
0.448,3861.88241426305,2697.41842434607,1188.24279406528
0.449,3861.39530681943,2696.83047860798,1188.1229741405
0.45,3860.90895375715,2696.24501531459,1188.00309621851
0.451,3860.42335264405,2695.66201921948,1187.88316500369
0.452,3859.93850104318,2695.08147519653,1187.76318512132
0.453,3859.45439651319,2694.50336823879,1187.64316111883
0.454,3858.9710366087,2693.92768345734,1187.523097467
0.455,3858.48841888064,2693.35440608022,1187.40299856114
0.456,3858.00654087659,2692.78352145128,1187.28286872231
0.457,3857.52540014112,2692.21501502915,1187.16271219843
0.458,3857.04499421615,2691.64887238612,1187.04253316543
0.459,3856.56532064122,2691.08507920713,1186.92233572837
0.46,3856.08637695385,2690.52362128868,1186.80212392257
0.461,3855.6081606898,2689.9644845378,1186.68190171463
0.462,3855.1306693834,2689.40765497105,1186.56167300356
0.463,3854.65390056782,2688.85311871347,1186.44144162179
0.464,3854.17785177535,2688.30086199756,1186.32121133623
0.465,3853.70252053769,2687.75087116234,1186.20098584924
0.466,3853.22790438621,2687.20313265232,1186.08076879969
0.467,3852.75400085219,2686.65763301654,1185.96056376389
0.468,3852.28080746711,2686.1143589076,1185.8403742566
0.469,3851.80832176284,2685.57329708071,1185.72020373195
0.47,3851.33654127195,2685.03443439273,1185.6000555844
0.471,3850.86546352789,2684.49775780128,1185.47993314966
0.472,3850.39508606524,2683.96325436374,1185.35983970557
0.473,3849.92540641992,2683.4309112364,1185.23977847305
0.474,3849.45642212941,2682.90071567354,1185.11975261691
0.475,3848.98813073296,2682.37265502649,1184.99976524677
0.476,3848.52052977179,2681.8467167428,1184.87981941789
0.477,3848.0536167893,2681.32288836534,1184.75991813202
0.478,3847.58738933124,2680.80115753141,1184.64006433821
0.479,3847.12184494593,2680.28151197192,1184.52026093363
0.48,3846.65698118439,2679.76393951049,1184.40051076436
0.481,3846.19279560059,2679.24842806266,1184.2808166262
0.482,3845.72928575154,2678.734965635,1184.16118126542
0.483,3845.26644919753,2678.22354032436,1184.04160737955
0.484,3844.80428350224,2677.71414031696,1183.92209761808
0.485,3844.34278623293,2677.20675388766,1183.80265458326
0.486,3843.88195496059,2676.70136939913,1183.6832808308
0.487,3843.42178726006,2676.19797530105,1183.56397887056
0.488,3842.96228071022,2675.69656012932,1183.4447511673
0.489,3842.50343289409,2675.19711250534,1183.32560014135
0.49,3842.04524139899,2674.69962113516,1183.20652816929
0.491,3841.58770381666,2674.20407480879,1183.08753758461
0.492,3841.1308177434,2673.71046239942,1182.96863067843
0.493,3840.67458078019,2673.21877286265,1182.84980970008
0.494,3840.2189905328,2672.72899523581,1182.73107685777
0.495,3839.76404461194,2672.2411186372,1182.61243431923
0.496,3839.30974063332,2671.75513226535,1182.49388421232
0.497,3838.85607621782,2671.27102539833,1182.37542862564
0.498,3838.40304899154,2670.78878739305,1182.25706960915
0.499,3837.95065658596,2670.30840768455,1182.13880917474
0.5,3837.49889663798,2669.82987578529,1182.02064929682
0.501,3837.04776679009,2669.35318128449,1181.9025919129
0.502,3836.59726469038,2668.87831384744,1181.78463892416
0.503,3836.14738799271,2668.40526321485,1181.66679219599
0.504,3835.69813435673,2667.93401920213,1181.54905355856
0.505,3835.24950144802,2667.46457169879,1181.43142480732
0.506,3834.80148693814,2666.99691066777,1181.3139077036
0.507,3834.35408850471,2666.53102614477,1181.19650397506
0.508,3833.90730383153,2666.06690823765,1181.07921531625
0.509,3833.46113060857,2665.60454712578,1180.96204338911
0.51,3833.01556653212,2665.14393305941,1180.84498982346
0.511,3832.57060930484,2664.68505635906,1180.72805621749
0.512,3832.12625663579,2664.22790741489,1180.61124413827
0.513,3831.68250624054,2663.77247668613,1180.49455512218
0.514,3831.2393558412,2663.31875470043,1180.37799067543
0.515,3830.7968031665,2662.8667320533,1180.26155227449
0.516,3830.35484595184,2662.41639940752,1180.14524136655
0.517,3829.91348193935,2661.96774749254,1180.02905936999
0.518,3829.47270887793,2661.5207671039,1179.91300767477
0.519,3829.0325245233,2661.07544910271,1179.79708764295
0.52,3828.59292663808,2660.63178441499,1179.68130060901
0.521,3828.1539129918,2660.1897640312,1179.56564788038
0.522,3827.71548136096,2659.74937900565,1179.45013073776
0.523,3827.27762952908,2659.31062045594,1179.33475043561
0.524,3826.84035528672,2658.87347956242,1179.21950820248
0.525,3826.40365643156,2658.43794756768,1179.10440524146
0.526,3825.96753076838,2658.00401577598,1178.98944273056
0.527,3825.53197610914,2657.57167555274,1178.87462182305
0.528,3825.09699027302,2657.14091832404,1178.75994364792
0.529,3824.66257108639,2656.71173557605,1178.64540931018
0.53,3824.22871638294,2656.28411885456,1178.53101989125
0.531,3823.7954240036,2655.85805976446,1178.41677644935
0.532,3823.36269179667,2655.43354996925,1178.3026800198
0.533,3822.93051761776,2655.01058119051,1178.18873161542
0.534,3822.49889932988,2654.58914520745,1178.07493222687
0.535,3822.06783480343,2654.16923385639,1177.96128282296
0.536,3821.63732191622,2653.75083903029,1177.847784351
0.537,3821.20735855351,2653.33395267828,1177.73443773715
0.538,3820.77794260802,2652.91856680517,1177.62124388672
0.539,3820.34907197995,2652.50467347101,1177.50820368449
0.54,3819.92074457698,2652.09226479057,1177.39531799504
0.541,3819.49295831433,2651.68133293296,1177.28258766307
0.542,3819.0657111147,2651.27187012109,1177.17001351366
0.543,3818.63900090839,2650.8638686313,1177.05759635263
0.544,3818.21282563319,2650.45732079284,1176.94533696679
0.545,3817.78718323449,2650.0522189875,1176.83323612425
0.546,3817.36207166524,2649.6485556491,1176.72129457472
0.547,3816.93748888598,2649.24632326312,1176.60951304977
0.548,3816.51343286482,2648.84551436622,1176.49789226313
0.549,3816.08990157749,2648.44612154587,1176.38643291095
0.55,3815.66689300731,2648.04813743986,1176.27513567208
0.551,3815.2444051452,2647.65155473596,1176.16400120833
0.552,3814.8224359897,2647.25636617143,1176.05303016474
0.553,3814.40098354698,2646.86256453268,1175.94222316984
0.554,3813.98004583079,2646.47014265481,1175.8315808359
0.555,3813.55962086253,2646.07909342125,1175.72110375917
0.556,3813.13970667122,2645.68940976334,1175.61079252016
0.557,3812.72030129347,2645.30108465995,1175.50064768385
0.558,3812.30140277353,2644.91411113706,1175.39066979995
0.559,3811.88300916327,2644.52848226743,1175.28085940313
0.56,3811.46511852216,2644.14419117015,1175.17121701325
0.561,3811.04772891728,2643.76123101034,1175.0617431356
0.562,3810.63083842334,2643.37959499868,1174.95243826112
0.563,3810.21444512262,2642.99927639113,1174.84330286662
0.564,3809.79854710501,2642.6202684885,1174.734337415
0.565,3809.38314246801,2642.24256463611,1174.62554235546
0.566,3808.96822931667,2641.86615822345,1174.51691812376
0.567,3808.55380576363,2641.49104268376,1174.40846514234
0.568,3808.13986992912,2641.11721149375,1174.30018382063
0.569,3807.72641994089,2640.74465817319,1174.19207455515
0.57,3807.31345393427,2640.37337628459,1174.08413772981
0.571,3806.90097005213,2640.00335943287,1173.97637371603
0.572,3806.48896644487,2639.63460126498,1173.86878287298
0.573,3806.07744127039,2639.26709546959,1173.76136554776
0.574,3805.66639269413,2638.90083577676,1173.65412207558
0.575,3805.25581888901,2638.53581595758,1173.54705277995
0.576,3804.84571803545,2638.17202982387,1173.44015797288
0.577,3804.43608832132,2637.80947122783,1173.33343795503
0.578,3804.02692794197,2637.44813406175,1173.22689301593
0.579,3803.61823510019,2637.08801225766,1173.1205234341
0.58,3803.21000800621,2636.72909978703,1173.01432947729
0.581,3802.80224487765,2636.37139066044,1172.90831140258
0.582,3802.39494393958,2636.0148789273,1172.80246945661
0.583,3801.98810342442,2635.65955867552,1172.69680387571
0.584,3801.58172157198,2635.30542403119,1172.59131488606
0.585,3801.17579662941,2634.95246915831,1172.48600270388
0.586,3800.77032685122,2634.60068825849,1172.38086753555
0.587,3800.36531049923,2634.25007557063,1172.27590957781
0.588,3799.96074584258,2633.90062537064,1172.17112901788
0.589,3799.55663115768,2633.55233197114,1172.06652603361
0.59,3799.15296472823,2633.20518972118,1171.96210079364
0.591,3798.74974484517,2632.85919300597,1171.85785345758
0.592,3798.34696980668,2632.51433624656,1171.75378417608
0.593,3797.94463791816,2632.1706138996,1171.64989309103
0.594,3797.5427474922,2631.82802045701,1171.5461803357
0.595,3797.14129684858,2631.48655044577,1171.44264603484
0.596,3796.74028431422,2631.1461984276,1171.33929030487
0.597,3796.3397082232,2630.8069589987,1171.23611325395
0.598,3795.93956691671,2630.4688267895,1171.13311498216
0.599,3795.53985874304,2630.13179646435,1171.03029558164
0.6,3795.14058205756,2629.79586272133,1170.92765513667
0.601,3794.74173522269,2629.4610202919,1170.82519372383
0.602,3794.34331660791,2629.12726394074,1170.72291141212
0.603,3793.94532458968,2628.79458846539,1170.62080826308
0.604,3793.5477575515,2628.4629886961,1170.51888433092
0.605,3793.15061388381,2628.13245949547,1170.41713966263
0.606,3792.75389198401,2627.80299575832,1170.31557429808
0.607,3792.35759025644,2627.47459241134,1170.21418827019
0.608,3791.96170711235,2627.14724441291,1170.11298160498
0.609,3791.56624096985,2626.82094675281,1170.01195432174
0.61,3791.17119025396,2626.49569445202,1169.91110643309
0.611,3790.7765533965,2626.17148256248,1169.81043794513
0.612,3790.38232883613,2625.84830616683,1169.70994885752
0.613,3789.9885150183,2625.52616037817,1169.60963916361
0.614,3789.59511039525,2625.20504033987,1169.50950885053
0.615,3789.20211342594,2624.88494122531,1169.40955789928
0.616,3788.80952257608,2624.56585823764,1169.30978628486
0.617,3788.41733631809,2624.2477866096,1169.21019397637
0.618,3788.02555313106,2623.93072160324,1169.11078093707
0.619,3787.63417150074,2623.61465850977,1169.01154712453
0.62,3787.24318991952,2623.29959264925,1168.91249249067
0.621,3786.85260688638,2622.98551937045,1168.81361698192
0.622,3786.46242090692,2622.6724340506,1168.71492053924
0.623,3786.07263049329,2622.36033209516,1168.61640309828
0.624,3785.68323416417,2622.04920893767,1168.51806458942
0.625,3785.29423044476,2621.73906003945,1168.41990493789
0.626,3784.90561786677,2621.42988088949,1168.32192406384
0.627,3784.51739496836,2621.12166700414,1168.22412188242
0.628,3784.12956029413,2620.81441392702,1168.12649830392
0.629,3783.74211239512,2620.5081172287,1168.02905323376
0.63,3783.35504982874,2620.20277250659,1167.93178657266
0.631,3782.9683711588,2619.89837538469,1167.83469821667
0.632,3782.58207495543,2619.59492151343,1167.73778805729
0.633,3782.19615979511,2619.29240656944,1167.64105598149
0.634,3781.81062426058,2618.99082625535,1167.54450187185
0.635,3781.42546694089,2618.69017629965,1167.44812560661
0.636,3781.04068643133,2618.39045245644,1167.35192705974
0.637,3780.65628133341,2618.09165050529,1167.25590610102
0.638,3780.27225025483,2617.793766251,1167.16006259613
0.639,3779.88859180949,2617.49679552348,1167.0643964067
0.64,3779.50530461743,2617.2007341775,1166.96890739037
0.641,3779.1223873048,2616.90557809255,1166.87359540092
0.642,3778.73983850388,2616.61132317265,1166.77846028826
0.643,3778.35765685301,2616.31796534614,1166.68350189858
0.644,3777.9758409966,2616.02550056557,1166.58872007433
0.645,3777.59438958506,2615.73392480744,1166.49411465436
0.646,3777.21330127484,2615.44323407211,1166.39968547396
0.647,3776.83257472833,2615.15342438354,1166.30543236491
0.648,3776.45220861391,2614.8644917892,1166.21135515557
0.649,3776.07220160586,2614.57643235984,1166.1174536709
0.65,3775.6925523844,2614.28924218934,1166.02372773258
0.651,3775.3132596356,2614.00291739456,1165.93017715903
0.652,3774.93432205139,2613.71745411515,1165.83680176549
0.653,3774.55573832956,2613.4328485134,1165.74360136405
0.654,3774.17750717367,2613.14909677406,1165.65057576375
0.655,3773.79962729309,2612.86619510421,1165.5577247706
0.656,3773.42209740293,2612.58413973305,1165.46504818766
0.657,3773.04491622405,2612.3029269118,1165.3725458151
0.658,3772.66808248302,2612.02255291349,1165.28021745022
0.659,3772.29159491207,2611.74301403283,1165.18806288754
0.66,3771.91545224912,2611.46430658606,1165.09608191885
0.661,3771.53965323771,2611.18642691077,1165.00427433324
0.662,3771.164196627,2610.90937136579,1164.91263991717
0.663,3770.78908117174,2610.63313633098,1164.82117845451
0.664,3770.41430563224,2610.35771820713,1164.7298897266
0.665,3770.03986877434,2610.0831134158,1164.63877351231
0.666,3769.66576936942,2609.80931839916,1164.54782958806
0.667,3769.29200619432,2609.53632961984,1164.45705772789
0.668,3768.91857803138,2609.26414356081,1164.3664577035
0.669,3768.54548366835,2608.99275672522,1164.27602928428
0.67,3768.17272189844,2608.72216563625,1164.18577223741
0.671,3767.80029152021,2608.45236683698,1164.09568632783
0.672,3767.42819133763,2608.18335689026,1164.00577131836
0.673,3767.05642016,2607.91513237854,1163.91602696968
0.674,3766.68497680194,2607.64768990375,1163.82645304041
0.675,3766.31386008339,2607.38102608719,1163.73704928715
0.676,3765.94306882955,2607.11513756934,1163.64781546451
0.677,3765.57260187087,2606.85002100976,1163.55875132517
0.678,3765.20245804305,2606.58567308696,1163.46985661988
0.679,3764.83263618698,2606.32209049824,1163.38113109756
0.68,3764.46313514874,2606.0592699596,1163.29257450529
0.681,3764.09395377957,2605.79720820556,1163.20418658838
0.682,3763.72509093583,2605.53590198907,1163.11596709039
0.683,3763.35654547902,2605.27534808138,1163.02791575317
0.684,3762.98831627571,2605.01554327189,1162.94003231692
0.685,3762.62040219756,2604.75648436803,1162.85231652019
0.686,3762.25280212124,2604.49816819516,1162.76476809995
0.687,3761.88551492847,2604.24059159641,1162.67738679159
0.688,3761.51853950595,2603.98375143258,1162.590172329
0.689,3761.15187474537,2603.72764458202,1162.50312444457
0.69,3760.78551954336,2603.47226794049,1162.41624286925
0.691,3760.41947280149,2603.21761842107,1162.32952733254
0.692,3760.05373342623,2602.963692954,1162.24297756258
0.693,3759.68830032894,2602.71048848661,1162.15659328615
0.694,3759.32317242583,2602.45800198316,1162.0703742287
0.695,3758.95834863798,2602.20623042475,1161.98432011438
0.696,3758.59382789124,2601.9551708092,1161.89843066612
0.697,3758.22960911631,2601.70482015092,1161.81270560559
0.698,3757.86569124862,2601.45517548083,1161.72714465326
0.699,3757.50207322836,2601.20623384621,1161.64174752844
0.7,3757.13875400048,2600.95799231062,1161.55651394932
0.701,3756.77573251459,2600.71044795376,1161.47144363296
0.702,3756.41300772501,2600.46359787139,1161.38653629534
0.703,3756.05057859073,2600.2174391752,1161.3017916514
0.704,3755.68844407537,2599.97196899272,1161.21720941504
0.705,3755.32660314717,2599.72718446718,1161.13278929918
0.706,3754.96505477898,2599.48308275745,1161.04853101576
0.707,3754.60379794821,2599.2396610379,1160.96443427578
0.708,3754.24283163683,2598.99691649831,1160.88049878932
0.709,3753.88215483135,2598.75484634376,1160.79672426557
0.71,3753.5217665228,2598.51344779453,1160.71311041287
0.711,3753.16166570668,2598.27271808599,1160.62965693869
0.712,3752.80185138298,2598.03265446853,1160.54636354971
0.713,3752.44232255613,2597.79325420741,1160.4632299518
0.714,3752.08307823499,2597.55451458271,1160.38025585007
0.715,3751.72411743284,2597.31643288918,1160.29744094889
0.716,3751.36543916731,2597.07900643621,1160.21478495191
0.717,3751.00704246045,2596.84223254765,1160.13228756206
0.718,3750.64892633861,2596.60610856178,1160.04994848163
0.719,3750.29108983249,2596.37063183119,1159.96776741223
0.72,3749.93353197709,2596.13579972268,1159.88574405485
0.721,3749.57625181169,2595.90160961717,1159.80387810986
0.722,3749.21924837983,2595.66805890962,1159.72216927706
0.723,3748.8625207293,2595.4351450089,1159.64061725566
0.724,3748.50606791212,2595.20286533776,1159.55922174433
0.725,3748.1498889845,2594.97121733267,1159.47798244123
0.726,3747.79398300685,2594.74019844376,1159.39689904399
0.727,3747.43834904373,2594.50980613476,1159.31597124976
0.728,3747.08298616384,2594.28003788287,1159.23519875523
0.729,3746.72789344002,2594.05089117865,1159.15458125663
0.73,3746.3730699492,2593.82236352603,1159.07411844977
0.731,3746.01851477241,2593.5944524421,1158.99381003003
0.732,3745.66422699473,2593.3671554571,1158.91365569241
0.733,3745.3102057053,2593.14047011435,1158.83365513155
0.734,3744.95644999728,2592.91439397007,1158.75380804169
0.735,3744.60295896783,2592.68892459341,1158.67411411677
0.736,3744.24973171811,2592.46405956629,1158.59457305039
0.737,3743.89676735325,2592.23979648334,1158.51518453583
0.738,3743.54406498232,2592.01613295181,1158.43594826611
0.739,3743.19162371833,2591.79306659152,1158.35686393394
0.74,3742.83944267819,2591.57059503474,1158.27793123181
0.741,3742.48752098273,2591.34871592611,1158.19914985193
0.742,3742.13585775663,2591.12742692259,1158.12051948631
0.743,3741.78445212844,2590.90672569336,1158.04203982675
0.744,3741.43330323053,2590.68660991975,1157.96371056483
0.745,3741.08241019912,2590.46707729515,1157.88553139196
0.746,3740.7317721742,2590.24812552494,1157.8075019994
0.747,3740.38138829958,2590.02975232642,1157.72962207824
0.748,3740.03125772279,2589.81195542871,1157.65189131943
0.749,3739.68137959514,2589.59473257271,1157.57430941381
0.75,3739.33175307165,2589.37808151099,1157.49687605209
0.751,3738.98237731108,2589.16200000775,1157.4195909249
0.752,3738.63325147584,2588.94648583869,1157.34245372278
0.753,3738.28437473205,2588.731536791,1157.26546413619
0.754,3737.93574624948,2588.51715066326,1157.18862185555
0.755,3737.58736520152,2588.30332526537,1157.11192657123
0.756,3737.23923076522,2588.09005841844,1157.03537797355
0.757,3736.8913421212,2587.87734795481,1156.95897575282
0.758,3736.54369845368,2587.66519171787,1156.88271959937
0.759,3736.19629895045,2587.45358756207,1156.80660920347
0.76,3735.84914280287,2587.24253335282,1156.73064425548
0.761,3735.5022292058,2587.03202696643,1156.65482444572
0.762,3735.15555735766,2586.82206629001,1156.57914946458
0.763,3734.80912646035,2586.61264922146,1156.50361900251
0.764,3734.46293571925,2586.40377366934,1156.42823275
0.765,3734.11698434322,2586.19543755285,1156.35299039761
0.766,3733.77127154456,2585.98763880174,1156.27789163599
0.767,3733.42579653903,2585.78037535624,1156.20293615589
0.768,3733.08055854578,2585.57364516701,1156.12812364813
0.769,3732.73555678737,2585.36744619508,1156.05345380367
0.77,3732.39079048976,2585.16177641175,1155.9789263136
0.771,3732.04625888227,2584.95663379857,1155.9045408691
0.772,3731.70196119756,2584.75201634724,1155.83029716154
0.773,3731.35789667165,2584.54792205957,1155.7561948824
0.774,3731.01406454386,2584.3443489474,1155.68223372335
0.775,3730.67046405683,2584.14129503256,1155.60841337622
0.776,3730.32709445648,2583.93875834679,1155.534733533
0.777,3729.98395499201,2583.73673693166,1155.46119388588
0.778,3729.64104491587,2583.53522883858,1155.38779412727
0.779,3729.29836348376,2583.33423212864,1155.31453394973
0.78,3728.95590995459,2583.13374487264,1155.24141304608
0.781,3728.61368359049,2582.93376515098,1155.16843110934
0.782,3728.2716836568,2582.73429105359,1155.09558783276
0.783,3727.92990942201,2582.53532067993,1155.02288290983
0.784,3727.5883601578,2582.33685213888,1154.95031603428
0.785,3727.24703513897,2582.13888354868,1154.8778869001
0.786,3726.90593364349,2581.94141303692,1154.80559520152
0.787,3726.56505495242,2581.74443874044,1154.73344063305
0.788,3726.22439834992,2581.54795880527,1154.66142288949
0.789,3725.88396312327,2581.35197138661,1154.5895416659
0.79,3725.5437485628,2581.15647464875,1154.51779665762
0.791,3725.20375396189,2580.96146676502,1154.44618756032
0.792,3724.86397861699,2580.76694591772,1154.37471406994
0.793,3724.52442182756,2580.57291029809,1154.30337588274
0.794,3724.18508289608,2580.37935810625,1154.23217269529
0.795,3723.84596112803,2580.18628755113,1154.16110420449
0.796,3723.50705583188,2579.99369685042,1154.09017010757
0.797,3723.16836631905,2579.80158423054,1154.01937010209
0.798,3722.82989190396,2579.60994792656,1153.94870388594
0.799,3722.49163190392,2579.41878618218,1153.87817115736
0.8,3722.15358563922,2579.22809724962,1153.80777161496
0.801,3721.81575243302,2579.03787938963,1153.73750495769
0.802,3721.4781316114,2578.84813087141,1153.66737088487
0.803,3721.14072250333,2578.65884997256,1153.59736909618
0.804,3720.80352444065,2578.47003497904,1153.52749929168
0.805,3720.46653675806,2578.28168418511,1153.45776117182
0.806,3720.12975879309,2578.09379589327,1153.38815443743
0.807,3719.79318988612,2577.90636841423,1153.31867878971
0.808,3719.45682938033,2577.71940006687,1153.24933393028
0.809,3719.12067662172,2577.53288917814,1153.18011956115
0.81,3718.78473095908,2577.3468340831,1153.11103538474
0.811,3718.44899174396,2577.16123312476,1153.04208110388
0.812,3718.11345833069,2576.97608465413,1152.97325642179
0.813,3717.77813007635,2576.79138703012,1152.90456104215
0.814,3717.44300634074,2576.60713861951,1152.83599466904
0.815,3717.1080864864,2576.42333779691,1152.76755700696
0.816,3716.77336987858,2576.23998294468,1152.69924776087
0.817,3716.43885588522,2576.05707245293,1152.63106663613
0.818,3716.10454387695,2575.87460471943,1152.56301333857
0.819,3715.77043322708,2575.69257814962,1152.49508757445
0.82,3715.43652331156,2575.51099115649,1152.42728905049
0.821,3715.102813509,2575.32984216061,1152.35961747385
0.822,3714.76930320063,2575.14912959004,1152.29207255215
0.823,3714.43599177033,2574.9688518803,1152.22465399348
0.824,3714.10287860456,2574.78900747432,1152.15736150637
0.825,3713.76996309239,2574.6095948224,1152.09019479985
0.826,3713.43724462547,2574.43061238217,1152.02315358339
0.827,3713.10472259802,2574.25205861855,1151.95623756695
0.828,3712.77239640681,2574.0739320037,1151.88944646097
0.829,3712.44026545117,2573.89623101698,1151.82277997636
0.83,3712.10832913297,2573.71895414489,1151.75623782453
0.831,3711.77658685658,2573.54209988107,1151.68981971735
0.832,3711.4450380289,2573.36566672623,1151.62352536721
0.833,3711.11368205932,2573.18965318811,1151.55735448698
0.834,3710.78251835972,2573.01405778143,1151.49130679002
0.835,3710.45154634445,2572.83887902789,1151.4253819902
0.836,3710.12076543031,2572.66411545606,1151.35957980188
0.837,3709.79017503659,2572.48976560143,1151.29389993995
0.838,3709.45977458497,2572.31582800629,1151.22834211977
0.839,3709.1295634996,2572.14230121972,1151.16290605723
0.84,3708.79954120701,2571.96918379758,1151.09759146875
0.841,3708.46970713616,2571.79647430242,1151.03239807123
0.842,3708.1400607184,2571.62417130346,1150.96732558211
0.843,3707.81060138744,2571.45227337659,1150.90237371935
0.844,3707.48132857938,2571.28077910428,1150.83754220141
0.845,3707.15224173269,2571.10968707554,1150.77283074731
0.846,3706.82334028815,2570.93899588593,1150.70823907656
0.847,3706.4946236889,2570.7687041375,1150.64376690923
0.848,3706.16609138042,2570.59881043872,1150.57941396589
0.849,3705.83774281047,2570.42931340451,1150.51517996767
0.85,3705.50957742914,2570.26021165612,1150.45106463623
0.851,3705.1815946888,2570.09150382119,1150.38706769374
0.852,3704.85379404409,2569.92318853362,1150.32318886296
0.853,3704.52617495196,2569.75526443359,1150.25942786713
0.854,3704.19873687158,2569.58773016753,1150.19578443008
0.855,3703.87147926437,2569.42058438804,1150.13225827616
0.856,3703.54440159402,2569.2538257539,1150.06884913027
0.857,3703.21750332643,2569.08745293,1150.00555671786
0.858,3702.89078392969,2568.92146458733,1149.94238076494
0.859,3702.56424287415,2568.75585940293,1149.87932099804
0.86,3702.23787963232,2568.59063605988,1149.81637714427
0.861,3701.91169367889,2568.42579324723,1149.75354893129
0.862,3701.58568449076,2568.26132965999,1149.69083608729
0.863,3701.25985154696,2568.09724399909,1149.62823834105
0.864,3700.93419432869,2567.93353497136,1149.56575542189
0.865,3700.6087123193,2567.77020128946,1149.50338705968
0.866,3700.28340500426,2567.6072416719,1149.44113298487
0.867,3699.95827187117,2567.44465484296,1149.37899292846
0.868,3699.63331240976,2567.28243953269,1149.31696662202
0.869,3699.30852611185,2567.12059447685,1149.25505379766
0.87,3698.98391247134,2566.9591184169,1149.19325418809
0.871,3698.65947098424,2566.79801009996,1149.13156752656
0.872,3698.33520114862,2566.63726827879,1149.06999354689
0.873,3698.01110246463,2566.47689171174,1149.00853198347
0.874,3697.68717443445,2566.31687916271,1148.94718257126
0.875,3697.36341656233,2566.15722940116,1148.8859450458
0.876,3697.03982835455,2565.99794120204,1148.82481914318
0.877,3696.7164093194,2565.83901334579,1148.76380460006
0.878,3696.3931589672,2565.68044461829,1148.7029011537
0.879,3696.07007681028,2565.52223381081,1148.64210854189
0.88,3695.74716236297,2565.36437972004,1148.58142650304
0.881,3695.42441514158,2565.206881148,1148.52085477609
0.882,3695.1018346644,2565.04973690205,1148.46039310059
0.883,3694.77942045169,2564.89294579482,1148.40004121664
0.884,3694.45717202567,2564.73650664425,1148.33979886492
0.885,3694.13508891052,2564.58041827347,1148.2796657867
0.886,3693.81317063235,2564.42467951085,1148.21964172382
0.887,3693.49141671921,2564.26928918992,1148.15972641868
0.888,3693.16982670108,2564.11424614939,1148.09991961428
0.889,3692.84840010984,2563.95954923306,1148.04022105419
0.89,3692.52713647929,2563.80519728985,1147.98063048256
0.891,3692.20603534512,2563.65118917373,1147.92114764411
0.892,3691.8850962449,2563.49752374372,1147.86177228414
0.893,3691.5643187181,2563.34419986386,1147.80250414855
0.894,3691.24370230606,2563.19121640314,1147.74334298379
0.895,3690.92324655195,2563.03857223556,1147.68428853691
0.896,3690.60295100083,2562.88626624,1147.62534055554
0.897,3690.28281519959,2562.73429730029,1147.56649878787
0.898,3689.96283869694,2562.5826643051,1147.50776298268
0.899,3689.64302104346,2562.43136614797,1147.44913288936
0.9,3689.3233617915,2562.28040172726,1147.39060825783
0.901,3689.00386049526,2562.12976994614,1147.33218883862
0.902,3688.68451671071,2561.97946971253,1147.27387438285
0.903,3688.36532999565,2561.82949993911,1147.21566464219
0.904,3688.04629990963,2561.67985954328,1147.15755936892
0.905,3687.72742601399,2561.53054744714,1147.09955831588
0.906,3687.40870787184,2561.38156257746,1147.04166123651
0.907,3687.09014504807,2561.23290386565,1146.98386788481
0.908,3686.77173710928,2561.08457024774,1146.92617801537
0.909,3686.45348362386,2560.93656066436,1146.86859138336
0.91,3686.1353841619,2560.78887406071,1146.81110774455
0.911,3685.81743829523,2560.64150938655,1146.75372685524
0.912,3685.49964559742,2560.49446559613,1146.69644847237
0.913,3685.18200564372,2560.34774164822,1146.63927235342
0.914,3684.86451801111,2560.20133650607,1146.58219825646
0.915,3684.54718227825,2560.05524913737,1146.52522594014
0.916,3684.2299980255,2559.90947851424,1146.46835516369
0.917,3683.91296483489,2559.7640236132,1146.41158568693
0.918,3683.59608229013,2559.61888341514,1146.35491727023
0.919,3683.2793499766,2559.47405690533,1146.29834967457
0.92,3682.96276748133,2559.32954307336,1146.24188266149
0.921,3682.64633439301,2559.18534091313,1146.18551599311
0.922,3682.33005030195,2559.04144942283,1146.12924943214
0.923,3682.01391480011,2558.89786760491,1146.07308274184
0.924,3681.69792748109,2558.75459446606,1146.01701568607
0.925,3681.38208794009,2558.61162901721,1145.96104802927
0.926,3681.06639577392,2558.46897027346,1145.90517953642
0.927,3680.75085058103,2558.32661725411,1145.84940997313
0.928,3680.43545196142,2558.18456898259,1145.79373910554
0.929,3680.1201995167,2558.04282448649,1145.73816670038
0.93,3679.80509285009,2557.90138279748,1145.68269252496
0.931,3679.49013156634,2557.76024295133,1145.62731634715
0.932,3679.1753152718,2557.6194039879,1145.57203793541
0.933,3678.86064357436,2557.47886495105,1145.51685705876
0.934,3678.54611608349,2557.33862488871,1145.46177348679
0.935,3678.23173241019,2557.19868285278,1145.40678698968
0.936,3677.917492167,2557.05903789916,1145.35189733815
0.937,3677.60339496799,2556.91968908771,1145.29710430351
0.938,3677.28944042878,2556.78063548223,1145.24240765766
0.939,3676.97562816647,2556.64187615043,1145.18780717302
0.94,3676.66195779971,2556.50341016394,1145.13330262262
0.941,3676.34842894863,2556.36523659826,1145.07889378003
0.942,3676.03504123487,2556.22735453274,1145.02458041941
0.943,3675.72179428155,2556.08976305059,1144.97036231548
0.944,3675.4086877133,2555.95246123883,1144.91623924351
0.945,3675.09572115621,2555.81544818827,1144.86221097936
0.946,3674.78289423782,2555.67872299352,1144.80827729943
0.947,3674.47020658719,2555.54228475294,1144.7544379807
0.948,3674.15765783478,2555.40613256864,1144.70069280071
0.949,3673.84524761254,2555.27026554643,1144.64704153757
0.95,3673.53297555384,2555.13468279586,1144.59348396992
0.951,3673.22084129351,2554.99938343012,1144.540019877
0.952,3672.9088444678,2554.86436656611,1144.48664903859
0.953,3672.59698471439,2554.72963132434,1144.43337123503
0.954,3672.28526167237,2554.59517682898,1144.38018624723
0.955,3671.97367498224,2554.46100220777,1144.32709385664
0.956,3671.66222428594,2554.32710659208,1144.27409384527
0.957,3671.35090922675,2554.19348911683,1144.2211859957
0.958,3671.0397294494,2554.0601489205,1144.16837009106
0.959,3670.72868459998,2553.92708514511,1144.11564591503
0.96,3670.41777432595,2553.79429693619,1144.06301325183
0.961,3670.10699827618,2553.66178344277,1144.01047188627
0.962,3669.79635610087,2553.52954381737,1143.95802160368
0.963,3669.48584745161,2553.39757721597,1143.90566218996
0.964,3669.17547198134,2553.26588279799,1143.85339343153
0.965,3668.86522934433,2553.1344597263,1143.8012151154
0.966,3668.55511919621,2553.00330716717,1143.7491270291
0.967,3668.24514119397,2552.87242429025,1143.69712896072
0.968,3667.93529499588,2552.74181026859,1143.64522069889
0.969,3667.62558026158,2552.61146427859,1143.59340203279
0.97,3667.31599665201,2552.48138549999,1143.54167275215
0.971,3667.00654382944,2552.35157311588,1143.49003264723
0.972,3666.69722145742,2552.22202631262,1143.43848150884
0.973,3666.38802920082,2552.0927442799,1143.38701912834
0.974,3666.07896672581,2551.96372621068,1143.33564529761
0.975,3665.77003369985,2551.83497130115,1143.2843598091
0.976,3665.46122979168,2551.70647875079,1143.23316245577
0.977,3665.15255467131,2551.57824776227,1143.18205303114
0.978,3664.84400801004,2551.45027754149,1143.13103132925
0.979,3664.53558948044,2551.32256729755,1143.08009714469
0.98,3664.22729875631,2551.19511624271,1143.02925027259
0.981,3663.91913551274,2551.06792359241,1142.97849050858
0.982,3663.61109942606,2550.94098856523,1142.92781764887
0.983,3663.30319017385,2550.81431038289,1142.87723149017
0.984,3662.99540743492,2550.68788827022,1142.82673182974
0.985,3662.68775088932,2550.56172145514,1142.77631846534
0.986,3662.38022021832,2550.43580916869,1142.72599119531
0.987,3662.07281510443,2550.31015064495,1142.67574981846
0.988,3661.76553523136,2550.18474512105,1142.62559413418
0.989,3661.45838028405,2550.05959183719,1142.57552394235
0.99,3661.15134994863,2549.93469003658,1142.52553904339
0.991,3660.84444391245,2549.81003896542,1142.47563923825
0.992,3660.53766186403,2549.68563787295,1142.42582432838
0.993,3660.23100349311,2549.56148601134,1142.37609411578
0.994,3659.92446849059,2549.43758263576,1142.32644840295
0.995,3659.61805654857,2549.31392700432,1142.27688699293
0.996,3659.31176736032,2549.19051837806,1142.22740968925
0.997,3659.00560062028,2549.06735602096,1142.17801629599
0.998,3658.69955602405,2548.94443919988,1142.12870661772
0.999,3658.39363326839,2548.82176718461,1142.07948045954
1,3658.08783205122,2548.69933924779,1142.03033762707
